TABLE5_SOLVE_PHASE_START storage=no_cbf utc=2026-07-29T19:57:05Z
JULIA_VERSION julia version 1.12.5
KEEP_EXISTING_MANIFEST config=/home/zhenwei/PDCS_fork/benchmark/large_scale_lasso/lasso_table5.toml
id	m	n	density	replicate	seed
table5-m10000-n100000-r01	10000	100000	0.0001	1	1456099608458829617
table5-m10000-n100000-r02	10000	100000	0.0001	2	3774683599633055197
table5-m10000-n100000-r03	10000	100000	0.0001	3	7352328007339572649
table5-m10000-n100000-r04	10000	100000	0.0001	4	8539239721064585772
table5-m10000-n100000-r05	10000	100000	0.0001	5	2682075302358372869
table5-m70000-n700000-r01	70000	700000	0.0001	1	6866308190711936842
table5-m70000-n700000-r02	70000	700000	0.0001	2	3717777317041247579
table5-m70000-n700000-r03	70000	700000	0.0001	3	6230819915418504357
table5-m70000-n700000-r04	70000	700000	0.0001	4	5050833866237992834
table5-m70000-n700000-r05	70000	700000	0.0001	5	3478211357477831271
table5-m400000-n7000000-r01	400000	7000000	0.0001	1	2810953517340410803
table5-m400000-n7000000-r02	400000	7000000	0.0001	2	6916851584803374380
table5-m400000-n7000000-r03	400000	7000000	0.0001	3	2252237519727520935
table5-m400000-n7000000-r04	400000	7000000	0.0001	4	9202490041639810005
table5-m400000-n7000000-r05	400000	7000000	0.0001	5	1459784771767232267
table5-m700000-n7000000-r01	700000	7000000	0.0001	1	2694979877904449328
table5-m700000-n7000000-r02	700000	7000000	0.0001	2	706412229318414900
table5-m700000-n7000000-r03	700000	7000000	0.0001	3	2776373863867649000
table5-m700000-n7000000-r04	700000	7000000	0.0001	4	780990368380045832
table5-m700000-n7000000-r05	700000	7000000	0.0001	5	6974796360093007817
table5-m750000-n7500000-r01	750000	7500000	0.0001	1	3464449634565370456
table5-m750000-n7500000-r02	750000	7500000	0.0001	2	7063733435616014003
table5-m750000-n7500000-r03	750000	7500000	0.0001	3	7306719367855031537
table5-m750000-n7500000-r04	750000	7500000	0.0001	4	66351557481754279
table5-m750000-n7500000-r05	750000	7500000	0.0001	5	7133432016813647455
TABLE5_MANIFEST_VALID instances=25 unique_ids=25 unique_seeds=25
GPU_PREFLIGHT 1, GPU-1a06a313-b094-618b-9f24-8ccf7885ac5b, NVIDIA H100 80GB HBM3, 0, 81081, 0
GPU_PREFLIGHT 2, GPU-28d7051d-27e3-48ab-6616-6771b0a9e050, NVIDIA H100 80GB HBM3, 0, 81081, 0
GPU_PREFLIGHT 3, GPU-22f89f46-9219-a475-fe40-bba785517158, NVIDIA H100 80GB HBM3, 0, 81081, 0
GPU_PREFLIGHT 4, GPU-7fe4e5c3-9503-89aa-3eea-36f0e5127410, NVIDIA H100 80GB HBM3, 0, 81081, 0
GPU_PREFLIGHT 5, GPU-84fc7112-00ba-4e9e-0a3b-615cd5f7d9c2, NVIDIA H100 80GB HBM3, 0, 81081, 0
GPU_PREFLIGHT 6, GPU-790986fa-7e8a-1825-d49a-9b2ba1c63325, NVIDIA H100 80GB HBM3, 0, 81081, 0
TABLE5_PARALLEL_START workers=6 gpus=1,2,3,4,5,6 instances=24 utc=2026-07-29T19:57:06Z
TABLE5_WORKER_START worker=0 gpu=1 instances=table5-m10000-n100000-r02,table5-m70000-n700000-r03,table5-m400000-n7000000-r04,table5-m700000-n7000000-r05
TABLE5_WORKER_START worker=1 gpu=2 instances=table5-m10000-n100000-r03,table5-m70000-n700000-r04,table5-m400000-n7000000-r05,table5-m750000-n7500000-r01
TABLE5_WORKER_START worker=2 gpu=3 instances=table5-m10000-n100000-r04,table5-m70000-n700000-r05,table5-m700000-n7000000-r01,table5-m750000-n7500000-r02
TABLE5_WORKER_START worker=3 gpu=4 instances=table5-m10000-n100000-r05,table5-m400000-n7000000-r01,table5-m700000-n7000000-r02,table5-m750000-n7500000-r03
TABLE5_WORKER_START worker=4 gpu=5 instances=table5-m70000-n700000-r01,table5-m400000-n7000000-r02,table5-m700000-n7000000-r03,table5-m750000-n7500000-r04
TABLE5_WORKER_START worker=5 gpu=6 instances=table5-m70000-n700000-r02,table5-m400000-n7000000-r03,table5-m700000-n7000000-r04,table5-m750000-n7500000-r05
TABLE5_SOLVE_PHASE_START storage=no_cbf utc=2026-07-29T19:57:06Z
TABLE5_SOLVE_PHASE_START storage=no_cbf utc=2026-07-29T19:57:06Z
TABLE5_SOLVE_PHASE_START storage=no_cbf utc=2026-07-29T19:57:06Z
TABLE5_SOLVE_PHASE_START storage=no_cbf utc=2026-07-29T19:57:06Z
TABLE5_SOLVE_PHASE_START storage=no_cbf utc=2026-07-29T19:57:06Z
TABLE5_SOLVE_PHASE_START storage=no_cbf utc=2026-07-29T19:57:06Z
JULIA_VERSION julia version 1.12.5
KEEP_EXISTING_MANIFEST config=/home/zhenwei/PDCS_fork/benchmark/large_scale_lasso/lasso_table5.toml
JULIA_VERSION julia version 1.12.5
KEEP_EXISTING_MANIFEST config=/home/zhenwei/PDCS_fork/benchmark/large_scale_lasso/lasso_table5.toml
JULIA_VERSION julia version 1.12.5
KEEP_EXISTING_MANIFEST config=/home/zhenwei/PDCS_fork/benchmark/large_scale_lasso/lasso_table5.toml
JULIA_VERSION julia version 1.12.5
KEEP_EXISTING_MANIFEST config=/home/zhenwei/PDCS_fork/benchmark/large_scale_lasso/lasso_table5.toml
JULIA_VERSION julia version 1.12.5
KEEP_EXISTING_MANIFEST config=/home/zhenwei/PDCS_fork/benchmark/large_scale_lasso/lasso_table5.toml
JULIA_VERSION julia version 1.12.5
KEEP_EXISTING_MANIFEST config=/home/zhenwei/PDCS_fork/benchmark/large_scale_lasso/lasso_table5.toml
id	m	n	density	replicate	seed
table5-m10000-n100000-r01	10000	100000	0.0001	1	1456099608458829617
table5-m10000-n100000-r02	10000	100000	0.0001	2	3774683599633055197
table5-m10000-n100000-r03	10000	100000	0.0001	3	7352328007339572649
table5-m10000-n100000-r04	10000	100000	0.0001	4	8539239721064585772
table5-m10000-n100000-r05	10000	100000	0.0001	5	2682075302358372869
table5-m70000-n700000-r01	70000	700000	0.0001	1	6866308190711936842
table5-m70000-n700000-r02	70000	700000	0.0001	2	3717777317041247579
table5-m70000-n700000-r03	70000	700000	0.0001	3	6230819915418504357
table5-m70000-n700000-r04	70000	700000	0.0001	4	5050833866237992834
table5-m70000-n700000-r05	70000	700000	0.0001	5	3478211357477831271
table5-m400000-n7000000-r01	400000	7000000	0.0001	1	2810953517340410803
table5-m400000-n7000000-r02	400000	7000000	0.0001	2	6916851584803374380
table5-m400000-n7000000-r03	400000	7000000	0.0001	3	2252237519727520935
table5-m400000-n7000000-r04	400000	7000000	0.0001	4	9202490041639810005
table5-m400000-n7000000-r05	400000	7000000	0.0001	5	1459784771767232267
table5-m700000-n7000000-r01	700000	7000000	0.0001	1	2694979877904449328
table5-m700000-n7000000-r02	700000	7000000	0.0001	2	706412229318414900
table5-m700000-n7000000-r03	700000	7000000	0.0001	3	2776373863867649000
table5-m700000-n7000000-r04	700000	7000000	0.0001	4	780990368380045832
table5-m700000-n7000000-r05	700000	7000000	0.0001	5	6974796360093007817
table5-m750000-n7500000-r01	750000	7500000	0.0001	1	3464449634565370456
table5-m750000-n7500000-r02	750000	7500000	0.0001	2	7063733435616014003
table5-m750000-n7500000-r03	750000	7500000	0.0001	3	7306719367855031537
table5-m750000-n7500000-r04	750000	7500000	0.0001	4	66351557481754279
table5-m750000-n7500000-r05	750000	7500000	0.0001	5	7133432016813647455
TABLE5_MANIFEST_VALID instances=25 unique_ids=25 unique_seeds=25
id	m	n	density	replicate	seed
table5-m10000-n100000-r01	10000	100000	0.0001	1	1456099608458829617
table5-m10000-n100000-r02	10000	100000	0.0001	2	3774683599633055197
table5-m10000-n100000-r03	10000	100000	0.0001	3	7352328007339572649
table5-m10000-n100000-r04	10000	100000	0.0001	4	8539239721064585772
table5-m10000-n100000-r05	10000	100000	0.0001	5	2682075302358372869
table5-m70000-n700000-r01	70000	700000	0.0001	1	6866308190711936842
table5-m70000-n700000-r02	70000	700000	0.0001	2	3717777317041247579
table5-m70000-n700000-r03	70000	700000	0.0001	3	6230819915418504357
table5-m70000-n700000-r04	70000	700000	0.0001	4	5050833866237992834
table5-m70000-n700000-r05	70000	700000	0.0001	5	3478211357477831271
table5-m400000-n7000000-r01	400000	7000000	0.0001	1	2810953517340410803
table5-m400000-n7000000-r02	400000	7000000	0.0001	2	6916851584803374380
table5-m400000-n7000000-r03	400000	7000000	0.0001	3	2252237519727520935
table5-m400000-n7000000-r04	400000	7000000	0.0001	4	9202490041639810005
table5-m400000-n7000000-r05	400000	7000000	0.0001	5	1459784771767232267
table5-m700000-n7000000-r01	700000	7000000	0.0001	1	2694979877904449328
table5-m700000-n7000000-r02	700000	7000000	0.0001	2	706412229318414900
table5-m700000-n7000000-r03	700000	7000000	0.0001	3	2776373863867649000
table5-m700000-n7000000-r04	700000	7000000	0.0001	4	780990368380045832
table5-m700000-n7000000-r05	700000	7000000	0.0001	5	6974796360093007817
table5-m750000-n7500000-r01	750000	7500000	0.0001	1	3464449634565370456
table5-m750000-n7500000-r02	750000	7500000	0.0001	2	7063733435616014003
table5-m750000-n7500000-r03	750000	7500000	0.0001	3	7306719367855031537
table5-m750000-n7500000-r04	750000	7500000	0.0001	4	66351557481754279
table5-m750000-n7500000-r05	750000	7500000	0.0001	5	7133432016813647455
TABLE5_MANIFEST_VALID instances=25 unique_ids=25 unique_seeds=25
id	m	n	density	replicate	seed
table5-m10000-n100000-r01	10000	100000	0.0001	1	1456099608458829617
table5-m10000-n100000-r02	10000	100000	0.0001	2	3774683599633055197
table5-m10000-n100000-r03	10000	100000	0.0001	3	7352328007339572649
table5-m10000-n100000-r04	10000	100000	0.0001	4	8539239721064585772
table5-m10000-n100000-r05	10000	100000	0.0001	5	2682075302358372869
table5-m70000-n700000-r01	70000	700000	0.0001	1	6866308190711936842
table5-m70000-n700000-r02	70000	700000	0.0001	2	3717777317041247579
table5-m70000-n700000-r03	70000	700000	0.0001	3	6230819915418504357
table5-m70000-n700000-r04	70000	700000	0.0001	4	5050833866237992834
table5-m70000-n700000-r05	70000	700000	0.0001	5	3478211357477831271
table5-m400000-n7000000-r01	400000	7000000	0.0001	1	2810953517340410803
table5-m400000-n7000000-r02	400000	7000000	0.0001	2	6916851584803374380
table5-m400000-n7000000-r03	400000	7000000	0.0001	3	2252237519727520935
table5-m400000-n7000000-r04	400000	7000000	0.0001	4	9202490041639810005
table5-m400000-n7000000-r05	400000	7000000	0.0001	5	1459784771767232267
table5-m700000-n7000000-r01	700000	7000000	0.0001	1	2694979877904449328
table5-m700000-n7000000-r02	700000	7000000	0.0001	2	706412229318414900
table5-m700000-n7000000-r03	700000	7000000	0.0001	3	2776373863867649000
table5-m700000-n7000000-r04	700000	7000000	0.0001	4	780990368380045832
table5-m700000-n7000000-r05	700000	7000000	0.0001	5	6974796360093007817
table5-m750000-n7500000-r01	750000	7500000	0.0001	1	3464449634565370456
table5-m750000-n7500000-r02	750000	7500000	0.0001	2	7063733435616014003
table5-m750000-n7500000-r03	750000	7500000	0.0001	3	7306719367855031537
table5-m750000-n7500000-r04	750000	7500000	0.0001	4	66351557481754279
table5-m750000-n7500000-r05	750000	7500000	0.0001	5	7133432016813647455
TABLE5_MANIFEST_VALID instances=25 unique_ids=25 unique_seeds=25
id	m	n	density	replicate	seed
table5-m10000-n100000-r01	10000	100000	0.0001	1	1456099608458829617
table5-m10000-n100000-r02	10000	100000	0.0001	2	3774683599633055197
table5-m10000-n100000-r03	10000	100000	0.0001	3	7352328007339572649
table5-m10000-n100000-r04	10000	100000	0.0001	4	8539239721064585772
table5-m10000-n100000-r05	10000	100000	0.0001	5	2682075302358372869
table5-m70000-n700000-r01	70000	700000	0.0001	1	6866308190711936842
table5-m70000-n700000-r02	70000	700000	0.0001	2	3717777317041247579
table5-m70000-n700000-r03	70000	700000	0.0001	3	6230819915418504357
table5-m70000-n700000-r04	70000	700000	0.0001	4	5050833866237992834
table5-m70000-n700000-r05	70000	700000	0.0001	5	3478211357477831271
table5-m400000-n7000000-r01	400000	7000000	0.0001	1	2810953517340410803
table5-m400000-n7000000-r02	400000	7000000	0.0001	2	6916851584803374380
table5-m400000-n7000000-r03	400000	7000000	0.0001	3	2252237519727520935
table5-m400000-n7000000-r04	400000	7000000	0.0001	4	9202490041639810005
table5-m400000-n7000000-r05	400000	7000000	0.0001	5	1459784771767232267
table5-m700000-n7000000-r01	700000	7000000	0.0001	1	2694979877904449328
table5-m700000-n7000000-r02	700000	7000000	0.0001	2	706412229318414900
table5-m700000-n7000000-r03	700000	7000000	0.0001	3	2776373863867649000
table5-m700000-n7000000-r04	700000	7000000	0.0001	4	780990368380045832
table5-m700000-n7000000-r05	700000	7000000	0.0001	5	6974796360093007817
table5-m750000-n7500000-r01	750000	7500000	0.0001	1	3464449634565370456
table5-m750000-n7500000-r02	750000	7500000	0.0001	2	7063733435616014003
table5-m750000-n7500000-r03	750000	7500000	0.0001	3	7306719367855031537
table5-m750000-n7500000-r04	750000	7500000	0.0001	4	66351557481754279
table5-m750000-n7500000-r05	750000	7500000	0.0001	5	7133432016813647455
TABLE5_MANIFEST_VALID instances=25 unique_ids=25 unique_seeds=25
id	m	n	density	replicate	seed
table5-m10000-n100000-r01	10000	100000	0.0001	1	1456099608458829617
table5-m10000-n100000-r02	10000	100000	0.0001	2	3774683599633055197
table5-m10000-n100000-r03	10000	100000	0.0001	3	7352328007339572649
table5-m10000-n100000-r04	10000	100000	0.0001	4	8539239721064585772
table5-m10000-n100000-r05	10000	100000	0.0001	5	2682075302358372869
table5-m70000-n700000-r01	70000	700000	0.0001	1	6866308190711936842
table5-m70000-n700000-r02	70000	700000	0.0001	2	3717777317041247579
table5-m70000-n700000-r03	70000	700000	0.0001	3	6230819915418504357
table5-m70000-n700000-r04	70000	700000	0.0001	4	5050833866237992834
table5-m70000-n700000-r05	70000	700000	0.0001	5	3478211357477831271
table5-m400000-n7000000-r01	400000	7000000	0.0001	1	2810953517340410803
table5-m400000-n7000000-r02	400000	7000000	0.0001	2	6916851584803374380
table5-m400000-n7000000-r03	400000	7000000	0.0001	3	2252237519727520935
table5-m400000-n7000000-r04	400000	7000000	0.0001	4	9202490041639810005
table5-m400000-n7000000-r05	400000	7000000	0.0001	5	1459784771767232267
table5-m700000-n7000000-r01	700000	7000000	0.0001	1	2694979877904449328
table5-m700000-n7000000-r02	700000	7000000	0.0001	2	706412229318414900
table5-m700000-n7000000-r03	700000	7000000	0.0001	3	2776373863867649000
table5-m700000-n7000000-r04	700000	7000000	0.0001	4	780990368380045832
table5-m700000-n7000000-r05	700000	7000000	0.0001	5	6974796360093007817
table5-m750000-n7500000-r01	750000	7500000	0.0001	1	3464449634565370456
table5-m750000-n7500000-r02	750000	7500000	0.0001	2	7063733435616014003
table5-m750000-n7500000-r03	750000	7500000	0.0001	3	7306719367855031537
table5-m750000-n7500000-r04	750000	7500000	0.0001	4	66351557481754279
table5-m750000-n7500000-r05	750000	7500000	0.0001	5	7133432016813647455
TABLE5_MANIFEST_VALID instances=25 unique_ids=25 unique_seeds=25
id	m	n	density	replicate	seed
table5-m10000-n100000-r01	10000	100000	0.0001	1	1456099608458829617
table5-m10000-n100000-r02	10000	100000	0.0001	2	3774683599633055197
table5-m10000-n100000-r03	10000	100000	0.0001	3	7352328007339572649
table5-m10000-n100000-r04	10000	100000	0.0001	4	8539239721064585772
table5-m10000-n100000-r05	10000	100000	0.0001	5	2682075302358372869
table5-m70000-n700000-r01	70000	700000	0.0001	1	6866308190711936842
table5-m70000-n700000-r02	70000	700000	0.0001	2	3717777317041247579
table5-m70000-n700000-r03	70000	700000	0.0001	3	6230819915418504357
table5-m70000-n700000-r04	70000	700000	0.0001	4	5050833866237992834
table5-m70000-n700000-r05	70000	700000	0.0001	5	3478211357477831271
table5-m400000-n7000000-r01	400000	7000000	0.0001	1	2810953517340410803
table5-m400000-n7000000-r02	400000	7000000	0.0001	2	6916851584803374380
table5-m400000-n7000000-r03	400000	7000000	0.0001	3	2252237519727520935
table5-m400000-n7000000-r04	400000	7000000	0.0001	4	9202490041639810005
table5-m400000-n7000000-r05	400000	7000000	0.0001	5	1459784771767232267
table5-m700000-n7000000-r01	700000	7000000	0.0001	1	2694979877904449328
table5-m700000-n7000000-r02	700000	7000000	0.0001	2	706412229318414900
table5-m700000-n7000000-r03	700000	7000000	0.0001	3	2776373863867649000
table5-m700000-n7000000-r04	700000	7000000	0.0001	4	780990368380045832
table5-m700000-n7000000-r05	700000	7000000	0.0001	5	6974796360093007817
table5-m750000-n7500000-r01	750000	7500000	0.0001	1	3464449634565370456
table5-m750000-n7500000-r02	750000	7500000	0.0001	2	7063733435616014003
table5-m750000-n7500000-r03	750000	7500000	0.0001	3	7306719367855031537
table5-m750000-n7500000-r04	750000	7500000	0.0001	4	66351557481754279
table5-m750000-n7500000-r05	750000	7500000	0.0001	5	7133432016813647455
TABLE5_MANIFEST_VALID instances=25 unique_ids=25 unique_seeds=25
GPU_PREFLIGHT 5, GPU-84fc7112-00ba-4e9e-0a3b-615cd5f7d9c2, NVIDIA H100 80GB HBM3, 0, 81081, 0
SOLVE_CASE_START solver=cupdcs id=table5-m70000-n700000-r01 gpu=5 utc=2026-07-29T19:57:07Z
GPU_PREFLIGHT 4, GPU-7fe4e5c3-9503-89aa-3eea-36f0e5127410, NVIDIA H100 80GB HBM3, 0, 81081, 0
GPU_PREFLIGHT 2, GPU-28d7051d-27e3-48ab-6616-6771b0a9e050, NVIDIA H100 80GB HBM3, 0, 81081, 0
GPU_PREFLIGHT 6, GPU-790986fa-7e8a-1825-d49a-9b2ba1c63325, NVIDIA H100 80GB HBM3, 0, 81081, 0
SOLVE_CASE_START solver=cupdcs id=table5-m10000-n100000-r05 gpu=4 utc=2026-07-29T19:57:07Z
SOLVE_CASE_START solver=cupdcs id=table5-m10000-n100000-r03 gpu=2 utc=2026-07-29T19:57:07Z
SOLVE_CASE_START solver=cupdcs id=table5-m70000-n700000-r02 gpu=6 utc=2026-07-29T19:57:07Z
GPU_PREFLIGHT 3, GPU-22f89f46-9219-a475-fe40-bba785517158, NVIDIA H100 80GB HBM3, 0, 81081, 0
GPU_PREFLIGHT 1, GPU-1a06a313-b094-618b-9f24-8ccf7885ac5b, NVIDIA H100 80GB HBM3, 0, 81081, 0
SOLVE_CASE_START solver=cupdcs id=table5-m10000-n100000-r04 gpu=3 utc=2026-07-29T19:57:07Z
SOLVE_CASE_START solver=cupdcs id=table5-m10000-n100000-r02 gpu=1 utc=2026-07-29T19:57:07Z
┌ Info: CondaPkg: Waiting for lock to be freed. You may delete this file if no other process is resolving.
└   lock_file = "/home/zhenwei/PDCS_fork/.CondaPkg/lock"
┌ Info: CondaPkg: Waiting for lock to be freed. You may delete this file if no other process is resolving.
└   lock_file = "/home/zhenwei/PDCS_fork/.CondaPkg/lock"
┌ Info: CondaPkg: Waiting for lock to be freed. You may delete this file if no other process is resolving.
└   lock_file = "/home/zhenwei/PDCS_fork/.CondaPkg/lock"
TABLE5_SOLVE_START solver=cupdcs instance=table5-m10000-n100000-r05 m=10000 n=100000 density=0.0001 seed=2682075302358372869 tolerance=1.0e-6 time_limit=600.0
TABLE5_SOLVE_START solver=cupdcs instance=table5-m10000-n100000-r03 m=10000 n=100000 density=0.0001 seed=7352328007339572649 tolerance=1.0e-6 time_limit=600.0
TABLE5_INSTANCE_READY instance=table5-m10000-n100000-r05 nnz=99930 lambda=0.02972194382049677 numerical_digest=7fcf8bf61bf1ec94c4bc155be1a0ece373ce22dcfdf84b418db388e17ec84e6a model_digest=1c45922acd010d12d4fbe0c0baf8727b08492713b85edb9ac0fa125d394ca5d6 generation_seconds=1.1576828956604004
TABLE5_INSTANCE_READY instance=table5-m10000-n100000-r03 nnz=99988 lambda=0.027201017342407076 numerical_digest=321f8cd91391a75d2bc191369ca8e5c9c76a8849e1494fc63dfb1e0f7dbda3c7 model_digest=ea96e34d082b0d29a060eae7abb137276dc34e521d8814d76782ea126e1e58c4 generation_seconds=1.1224899291992188
TABLE5_SOLVE_START solver=cupdcs instance=table5-m70000-n700000-r01 m=70000 n=700000 density=0.0001 seed=6866308190711936842 tolerance=1.0e-6 time_limit=600.0
TABLE5_SOLVE_START solver=cupdcs instance=table5-m10000-n100000-r02 m=10000 n=100000 density=0.0001 seed=3774683599633055197 tolerance=1.0e-6 time_limit=600.0
TABLE5_SOLVE_START solver=cupdcs instance=table5-m10000-n100000-r04 m=10000 n=100000 density=0.0001 seed=8539239721064585772 tolerance=1.0e-6 time_limit=600.0
TABLE5_SOLVE_START solver=cupdcs instance=table5-m70000-n700000-r02 m=70000 n=700000 density=0.0001 seed=3717777317041247579 tolerance=1.0e-6 time_limit=600.0TABLE5_INSTANCE_READY instance=table5-m10000-n100000-r02 nnz=99628 lambda=0.034404785455175536 numerical_digest=2032fe65821f3ae162f8b40f9dcc78171f721f703d96ec6b9fb9cc822d8f126c model_digest=feb25d4b21bf57da12497740dd708d831bc20ccea036fc324fa1ec604d67567c generation_seconds=1.2156050205230713

TABLE5_INSTANCE_READY instance=table5-m10000-n100000-r04 nnz=100186 lambda=0.030464354934446564 numerical_digest=c908b5684763cfe8179a62cd603cb013a15a9115fff037027212c05c04349add model_digest=d842ad0b6f78b8bf29632a1ed5c157a0bfd0440bcee131e637e3065cf5d6fafb generation_seconds=1.2661621570587158
TABLE5_INSTANCE_READY instance=table5-m70000-n700000-r01 nnz=4902322 lambda=0.048930288571691086 numerical_digest=ea5f479114a93712157200d34dbe16e3ebf17d96129dc5d4a094c4d65e25ed47 model_digest=cf54c6000f9f42006e0157ee389b8aaa86a5ed7fda60cabdb3cd86a3151c0f1c generation_seconds=2.8544609546661377
TABLE5_INSTANCE_READY instance=table5-m70000-n700000-r02 nnz=4899722 lambda=0.052337271311113445 numerical_digest=02f9ec7e3c7e9002ad808099d95515249458dd2a890647dafe7b466a07b2cdfb model_digest=1e0f88d61922b1b49a9beca5440c13a1c9f837fd2000e546314540ff3152386f generation_seconds=4.184950113296509
rescaling_method is not set, using default value: :ruiz_pock_chambolle. Note that if :use_scaling is false, this option is ignored.
kkt_restart_freq is not set, using default value: 500.
duality_gap_restart_freq is not set, using default value: 2000.
rescaling_method is not set, using default value: :ruiz_pock_chambolle. Note that if :use_scaling is false, this option is ignored.
kkt_restart_freq is not set, using default value: 500.
duality_gap_restart_freq is not set, using default value: 2000.
rescaling_method is not set, using default value: :ruiz_pock_chambolle. Note that if :use_scaling is false, this option is ignored.
kkt_restart_freq is not set, using default value: 500.
duality_gap_restart_freq is not set, using default value: 2000.
rescaling_method is not set, using default value: :ruiz_pock_chambolle. Note that if :use_scaling is false, this option is ignored.
kkt_restart_freq is not set, using default value: 500.
duality_gap_restart_freq is not set, using default value: 2000.
[ Info: logfile is set to nothing
[ Info: ---------------------------------------------------
[ Info: ------------- Parameter Info Summary --------------
[ Info: ---------------------------------------------------
[ Info: time limit: 600.0
[ Info: use_preconditioner: true
[ Info: use_adaptive_restart: true
[ Info: use_adaptive_step_size_weight: true
[ Info: use_aggressive: true
[ Info: use_restart: true
[ Info: use_adaptive_step: true
[ Info: use_reflection: true
[ Info: use_halpern: true
[ Info: use_resolving: true
[ Info: use_duality_gap_restart: true
[ Info: duality_gap_restart_freq: 2000
[ Info: use_kkt_restart: false
[ Info: kkt_restart_freq: 2000
[ Info: abs_tol: 1.0e-6
[ Info: rel_tol: 1.0e-6
[ Info: eps_primal_infeasible_low_acc: 1.0e-12
[ Info: eps_dual_infeasible_low_acc: 1.0e-12
[ Info: eps_primal_infeasible_high_acc: 1.0e-16
[ Info: eps_dual_infeasible_high_acc: 1.0e-16
[ Info: print_freq: 1000
[ Info: check_terminate_freq: 1000
[ Info: ---------------------------------------------------
[ Info: ------------- Model Info Summary -----------------
[ Info: ---------------------------------------------------
[ Info: variable number: 210004
[ Info: constraint number: 220005
[ Info: non-zero elements in G: 419985
[ Info: Number of box constraints: 210004
[ Info: Number of equal constraints: 10003
[ Info: Number of nonnegative constraints: 200000
[ Info: Number of soc cone constraints: 1
[ Info: Number of rsoc cone constraints: 0
[ Info: Number of exp cone constraints: 0
[ Info: Number of dual exp cone constraints: 0
[ Info: Number of soc cone variables: 0
[ Info: Number of rsoc cone variables: 0
[ Info: Number of exp cone variables: 0
[ Info: Number of dual exp cone variables: 0
[ Info: ---------------------------------------------------
[ Info: Using preconditioner
[ Info: Warm start not enabled. Ignoring warm start values.
[ Info: Initializing primal and dual variables to zero.
[ Info: logfile is set to nothing
[ Info: ---------------------------------------------------
[ Info: ------------- Parameter Info Summary --------------
[ Info: ---------------------------------------------------
[ Info: time limit: 600.0
[ Info: use_preconditioner: true
[ Info: use_adaptive_restart: true
[ Info: use_adaptive_step_size_weight: true
[ Info: use_aggressive: true
[ Info: use_restart: true
[ Info: use_adaptive_step: true
[ Info: use_reflection: true
[ Info: use_halpern: true
[ Info: use_resolving: true
[ Info: use_duality_gap_restart: true
[ Info: duality_gap_restart_freq: 2000
[ Info: use_kkt_restart: false
[ Info: kkt_restart_freq: 2000
[ Info: abs_tol: 1.0e-6
[ Info: rel_tol: 1.0e-6
[ Info: eps_primal_infeasible_low_acc: 1.0e-12
[ Info: eps_dual_infeasible_low_acc: 1.0e-12
[ Info: eps_primal_infeasible_high_acc: 1.0e-16
[ Info: eps_dual_infeasible_high_acc: 1.0e-16
[ Info: print_freq: 1000
[ Info: check_terminate_freq: 1000
[ Info: ---------------------------------------------------
[ Info: ------------- Model Info Summary -----------------
[ Info: ---------------------------------------------------
[ Info: variable number: 210004
[ Info: constraint number: 220005
[ Info: non-zero elements in G: 419869
[ Info: Number of box constraints: 210004
[ Info: Number of equal constraints: 10003
[ Info: Number of nonnegative constraints: 200000
[ Info: Number of soc cone constraints: 1
[ Info: Number of rsoc cone constraints: 0
[ Info: Number of exp cone constraints: 0
[ Info: Number of dual exp cone constraints: 0
[ Info: Number of soc cone variables: 0
[ Info: Number of rsoc cone variables: 0
[ Info: Number of exp cone variables: 0
[ Info: Number of dual exp cone variables: 0
[ Info: ---------------------------------------------------
[ Info: Using preconditioner
[ Info: Warm start not enabled. Ignoring warm start values.
[ Info: Initializing primal and dual variables to zero.
[ Info: logfile is set to nothing
[ Info: ---------------------------------------------------
[ Info: ------------- Parameter Info Summary --------------
[ Info: ---------------------------------------------------
[ Info: time limit: 600.0
[ Info: use_preconditioner: true
[ Info: use_adaptive_restart: true
[ Info: use_adaptive_step_size_weight: true
[ Info: use_aggressive: true
[ Info: use_restart: true
[ Info: use_adaptive_step: true
[ Info: use_reflection: true
[ Info: use_halpern: true
[ Info: use_resolving: true
[ Info: use_duality_gap_restart: true
[ Info: duality_gap_restart_freq: 2000
[ Info: use_kkt_restart: false
[ Info: kkt_restart_freq: 2000
[ Info: abs_tol: 1.0e-6
[ Info: rel_tol: 1.0e-6
[ Info: eps_primal_infeasible_low_acc: 1.0e-12
[ Info: eps_dual_infeasible_low_acc: 1.0e-12
[ Info: eps_primal_infeasible_high_acc: 1.0e-16
[ Info: eps_dual_infeasible_high_acc: 1.0e-16
[ Info: print_freq: 1000
[ Info: check_terminate_freq: 1000
[ Info: ---------------------------------------------------
[ Info: ------------- Model Info Summary -----------------
[ Info: ---------------------------------------------------
[ Info: variable number: 210004
[ Info: constraint number: 220005
[ Info: non-zero elements in G: 420381
[ Info: Number of box constraints: 210004
[ Info: Number of equal constraints: 10003
[ Info: Number of nonnegative constraints: 200000
[ Info: Number of soc cone constraints: 1
[ Info: Number of rsoc cone constraints: 0
[ Info: Number of exp cone constraints: 0
[ Info: Number of dual exp cone constraints: 0
[ Info: Number of soc cone variables: 0
[ Info: Number of rsoc cone variables: 0
[ Info: Number of exp cone variables: 0
[ Info: Number of dual exp cone variables: 0
[ Info: ---------------------------------------------------
[ Info: Using preconditioner
[ Info: Warm start not enabled. Ignoring warm start values.
[ Info: Initializing primal and dual variables to zero.
[ Info: logfile is set to nothing
[ Info: ---------------------------------------------------
[ Info: ------------- Parameter Info Summary --------------
[ Info: ---------------------------------------------------
[ Info: time limit: 600.0
[ Info: use_preconditioner: true
[ Info: use_adaptive_restart: true
[ Info: use_adaptive_step_size_weight: true
[ Info: use_aggressive: true
[ Info: use_restart: true
[ Info: use_adaptive_step: true
[ Info: use_reflection: true
[ Info: use_halpern: true
[ Info: use_resolving: true
[ Info: use_duality_gap_restart: true
[ Info: duality_gap_restart_freq: 2000
[ Info: use_kkt_restart: false
[ Info: kkt_restart_freq: 2000
[ Info: abs_tol: 1.0e-6
[ Info: rel_tol: 1.0e-6
[ Info: eps_primal_infeasible_low_acc: 1.0e-12
[ Info: eps_dual_infeasible_low_acc: 1.0e-12
[ Info: eps_primal_infeasible_high_acc: 1.0e-16
[ Info: eps_dual_infeasible_high_acc: 1.0e-16
[ Info: print_freq: 1000
[ Info: check_terminate_freq: 1000
[ Info: ---------------------------------------------------
[ Info: ------------- Model Info Summary -----------------
[ Info: ---------------------------------------------------
[ Info: variable number: 210004
[ Info: constraint number: 220005
[ Info: non-zero elements in G: 419265
[ Info: Number of box constraints: 210004
[ Info: Number of equal constraints: 10003
[ Info: Number of nonnegative constraints: 200000
[ Info: Number of soc cone constraints: 1
[ Info: Number of rsoc cone constraints: 0
[ Info: Number of exp cone constraints: 0
[ Info: Number of dual exp cone constraints: 0
[ Info: Number of soc cone variables: 0
[ Info: Number of rsoc cone variables: 0
[ Info: Number of exp cone variables: 0
[ Info: Number of dual exp cone variables: 0
[ Info: ---------------------------------------------------
[ Info: Using preconditioner
[ Info: Warm start not enabled. Ignoring warm start values.
[ Info: Initializing primal and dual variables to zero.
[ Info: initial nrm1G: 319884.451285541, initial nrmInfG: 1.0
[ Info: initial nrm1c: 5946.388764099354
[ Info: initial nrm1h: 31.482614399477942
[ Info: initial nrmInfc: 2.0
[ Info: initial nrm1G: 319894.02231332177, initial nrmInfG: 1.0
[ Info: initial nrm1c: 5442.203468481415
[ Info: initial nrm1h: 31.56041216727182
[ Info: initial nrmInfc: 2.0
[ Info: initial nrm1G: 320405.08706177433, initial nrmInfG: 1.0
[ Info: initial nrm1c: 6094.870986889313
[ Info: initial nrm1h: 32.09091883699762
[ Info: initial nrmInfc: 2.0
[ Info: initial nrm1G: 319768.0620751027, initial nrmInfG: 1.0
[ Info: initial nrm1c: 6882.9570910351085
[ Info: initial nrm1h: 31.77505863391925
[ Info: initial nrmInfc: 2.0
[ Info: max Dr_product:2.446373570158056
[ Info: norm Dr_product:565.5829182449614
[ Info: max Dl_product:5.137290352387072
[ Info: norm Dl_product:565.5838013903789
[ Info: after scaling, norm1 c: 5087.602756897381
[ Info: after scaling, normInf c: 1.9996615778638578
[ Info: after scaling, norm1 G: 201066.91289939574
[ Info: after scaling, normInf G: 1.0
[ Info: max Dr_product:2.342336689761737
[ Info: norm Dr_product:565.5913793882181
[ Info: max Dl_product:5.422870702026435
[ Info: norm Dl_product:565.5922625204241
[ Info: after scaling, norm1 c: 4655.07642192241
[ Info: after scaling, normInf c: 1.9996615778638578
[ Info: after scaling, norm1 G: 201042.48219265323
[ Info: after scaling, normInf G: 1.0
[ Info: max Dr_product:2.309901733059307
[ Info: norm Dr_product:566.0429958816907
[ Info: max Dl_product:5.149963005929267
[ Info: norm Dl_product:566.0438783092924
[ Info: after scaling, norm1 c: 5209.4071791238375
[ Info: after scaling, normInf c: 1.9996615778638578
[ Info: after scaling, norm1 G: 200967.9514729775
[ Info: after scaling, normInf G: 1.0
[ Info: max Dr_product:2.427673848984682
[ Info: norm Dr_product:565.4800157388839
[ Info: max Dl_product:5.2446205176562115
[ Info: norm Dl_product:565.4808990450106
[ Info: after scaling, norm1 c: 5888.658793805105
[ Info: after scaling, normInf c: 1.9996615778638578
[ Info: after scaling, norm1 G: 201079.36697513447
[ Info: after scaling, normInf G: 1.0
[ Info: iter:0 rel_p_res(inf):5.000e-01 rel_d_res(inf):6.667e-01 primal_obj:0.000e+00 dual_obj:0.000e+00 rel_pd_gap:0.000e+00 time:0.00 restart_used:0
[ Info: ==================================================
[ Info: Start unified diagonal GPU loop for the ablation-compatible production path.
[ Info: iter:0 rel_p_res(inf):5.000e-01 rel_d_res(inf):6.667e-01 primal_obj:0.000e+00 dual_obj:0.000e+00 rel_pd_gap:0.000e+00 time:2.60 restart_used:0
[ Info: iter:0 rel_p_res(inf):5.000e-01 rel_d_res(inf):6.667e-01 primal_obj:0.000e+00 dual_obj:0.000e+00 rel_pd_gap:0.000e+00 time:0.00 restart_used:0
[ Info: ==================================================
[ Info: Start unified diagonal GPU loop for the ablation-compatible production path.
[ Info: iter:0 rel_p_res(inf):5.000e-01 rel_d_res(inf):6.667e-01 primal_obj:0.000e+00 dual_obj:0.000e+00 rel_pd_gap:0.000e+00 time:4.13 restart_used:0
[ Info: iter:0 rel_p_res(inf):5.000e-01 rel_d_res(inf):6.667e-01 primal_obj:0.000e+00 dual_obj:0.000e+00 rel_pd_gap:0.000e+00 time:0.00 restart_used:0
[ Info: ==================================================
[ Info: Start unified diagonal GPU loop for the ablation-compatible production path.
[ Info: iter:0 rel_p_res(inf):5.000e-01 rel_d_res(inf):6.667e-01 primal_obj:0.000e+00 dual_obj:0.000e+00 rel_pd_gap:0.000e+00 time:2.61 restart_used:0
[ Info: iter:1000 rel_p_res(inf):2.713e-04 rel_d_res(inf):5.957e-03 primal_obj:1.50256e-01 dual_obj:1.97512e-01 rel_pd_gap:3.946e-02 time:3.77 restart_used:0, restart_trigger_mean:0, restart_trigger_ergodic:0, diff_nrm_x_recovered:1.471e+00 diff_nrm_y_recovered:1.276e+01 nrm2_x_recovered:1.471e+00 nrm2_y_recovered:1.276e+01, nrmInf_x_recovered:9.995e-01 nrmInf_y_recovered:1.525e+00 dual_gap_ergodic:1.000e+30, dual_gap_mean:1.000e+30, dual_gap_restart_threshold:Inf, dual_gap_r:0.000e+00, kkt_error_ergodic:1.000e+30, kkt_error_mean:1.000e+30, kkt_error_restart_threshold:0.000e+00, tau:9.578e-02, sigma:1.087e+01
[ Info: iter:2000 rel_p_res(inf):1.763e-04 rel_d_res(inf):2.492e-03 primal_obj:1.58378e-01 dual_obj:1.77607e-01 rel_pd_gap:1.633e-02 time:4.82 restart_used:0, restart_trigger_mean:0, restart_trigger_ergodic:0, diff_nrm_x_recovered:1.689e-03 diff_nrm_y_recovered:2.290e-02 nrm2_x_recovered:1.471e+00 nrm2_y_recovered:1.275e+01, nrmInf_x_recovered:9.996e-01 nrmInf_y_recovered:1.524e+00 dual_gap_ergodic:1.000e+30, dual_gap_mean:1.000e+30, dual_gap_restart_threshold:Inf, dual_gap_r:0.000e+00, kkt_error_ergodic:1.000e+30, kkt_error_mean:1.000e+30, kkt_error_restart_threshold:0.000e+00, tau:1.189e-01, sigma:1.349e+01
[ Info: restart due to condition 1
[ Info: omega:10.654395249456819, x_diff_norm:2.1760610993905294, y_diff_norm:13.280850008194202
[ Info: iter:3000 rel_p_res(inf):4.779e-07 rel_d_res(inf):1.173e-06 primal_obj:1.62950e-01 dual_obj:1.62979e-01 rel_pd_gap:2.465e-05 time:5.19 restart_used:1, restart_trigger_mean:0, restart_trigger_ergodic:1, diff_nrm_x_recovered:1.155e-03 diff_nrm_y_recovered:1.693e-02 nrm2_x_recovered:1.472e+00 nrm2_y_recovered:1.275e+01, nrmInf_x_recovered:1.000e+00 nrmInf_y_recovered:1.523e+00 dual_gap_ergodic:1.137e-03, dual_gap_mean:7.980e-03, dual_gap_restart_threshold:1.137e-03, dual_gap_r:5.256e+01, kkt_error_ergodic:1.000e+30, kkt_error_mean:1.000e+30, kkt_error_restart_threshold:0.000e+00, tau:1.549e-01, sigma:1.007e+01
[ Info: iter:0 rel_p_res(inf):5.000e-01 rel_d_res(inf):6.667e-01 primal_obj:0.000e+00 dual_obj:0.000e+00 rel_pd_gap:0.000e+00 time:0.00 restart_used:0
[ Info: ==================================================
[ Info: Start unified diagonal GPU loop for the ablation-compatible production path.
[ Info: iter:0 rel_p_res(inf):5.000e-01 rel_d_res(inf):6.667e-01 primal_obj:0.000e+00 dual_obj:0.000e+00 rel_pd_gap:0.000e+00 time:2.99 restart_used:0
[ Info: iter:4000 rel_p_res(inf):2.541e-07 rel_d_res(inf):6.490e-07 primal_obj:1.62970e-01 dual_obj:1.62975e-01 rel_pd_gap:4.324e-06 time:5.48 restart_used:1, restart_trigger_mean:0, restart_trigger_ergodic:1, diff_nrm_x_recovered:8.139e-05 diff_nrm_y_recovered:6.829e-05 nrm2_x_recovered:1.472e+00 nrm2_y_recovered:1.275e+01, nrmInf_x_recovered:1.000e+00 nrmInf_y_recovered:1.523e+00 dual_gap_ergodic:1.137e-03, dual_gap_mean:7.980e-03, dual_gap_restart_threshold:1.137e-03, dual_gap_r:5.256e+01, kkt_error_ergodic:1.000e+30, kkt_error_mean:1.000e+30, kkt_error_restart_threshold:0.000e+00, tau:1.604e-01, sigma:1.043e+01
[ Info: restart due to condition 1
[ Info: omega:8.06383801650056, x_diff_norm:0.002203582174814494, y_diff_norm:0.019054213225500268
[ Info: iter:5000 rel_p_res(inf):6.440e-09 rel_d_res(inf):2.332e-07 primal_obj:1.62971e-01 dual_obj:1.62971e-01 rel_pd_gap:1.633e-08 time:5.80 restart_used:2, restart_trigger_mean:0, restart_trigger_ergodic:2, diff_nrm_x_recovered:6.523e-05 diff_nrm_y_recovered:4.492e-05 nrm2_x_recovered:1.472e+00 nrm2_y_recovered:1.275e+01, nrmInf_x_recovered:1.000e+00 nrmInf_y_recovered:1.523e+00 dual_gap_ergodic:3.629e-04, dual_gap_mean:2.419e-03, dual_gap_restart_threshold:3.629e-04, dual_gap_r:8.844e-05, kkt_error_ergodic:1.000e+30, kkt_error_mean:1.000e+30, kkt_error_restart_threshold:0.000e+00, tau:1.289e-01, sigma:8.988e+00
[ Info: ===============================================
[ Info: ---------------------------------------------------
[ Info: ------------- Solver Info Summary -----------------
[ Info: ---------------------------------------------------
[ Info: iter_num:                     5000
[ Info: exit_status:                  optimal
[ Info: l_2_abs_primal_res:           1.5167e-08
[ Info: l_2_rel_primal_res:           2.3603e-10
[ Info: l_inf_abs_primal_res:         1.2879e-08
[ Info: l_inf_rel_primal_res:         6.4397e-09
[ Info: l_2_abs_dual_res:             9.7860e-07
[ Info: l_2_rel_dual_res:             1.7978e-10
[ Info: l_inf_abs_dual_res:           6.9963e-07
[ Info: l_inf_rel_dual_res:           2.3321e-07
[ Info: rel_gap:                      1.6327e-08
[ Info: abs_gap:                      1.8988e-08
[ Info: primal_obj:                   1.6297e-01
[ Info: dual_obj:                     1.6297e-01
[ Info: time:                         5.8012
[ Info: ---------------------------------------------------
[ Info:  norm(sol.x.recovered_primal.primal_sol.x, Inf): 1.0000000005374738
[ Info:  norm(sol.y.recovered_dual.dual_sol.y, Inf): 1.5231518686116137
[ Info: time for projection: 0.28613972663879395
[ Info: time for iterative: 1.5270965099334717
[ Info: time for restart check: 0.21258306503295898
[ Info: time for exit check: 0.0
[ Info: time for print info calculation: 0.5683567523956299
[ Info: iter:1000 rel_p_res(inf):3.419e-04 rel_d_res(inf):5.544e-03 primal_obj:1.57066e-01 dual_obj:2.00567e-01 rel_pd_gap:3.623e-02 time:3.94 restart_used:0, restart_trigger_mean:0, restart_trigger_ergodic:0, diff_nrm_x_recovered:1.474e+00 diff_nrm_y_recovered:1.417e+01 nrm2_x_recovered:1.474e+00 nrm2_y_recovered:1.417e+01, nrmInf_x_recovered:9.993e-01 nrmInf_y_recovered:1.531e+00 dual_gap_ergodic:1.000e+30, dual_gap_mean:1.000e+30, dual_gap_restart_threshold:Inf, dual_gap_r:0.000e+00, kkt_error_ergodic:1.000e+30, kkt_error_mean:1.000e+30, kkt_error_restart_threshold:0.000e+00, tau:1.036e-01, sigma:1.462e+01
[ Info: iter:1000 rel_p_res(inf):2.867e-04 rel_d_res(inf):7.344e-03 primal_obj:1.48469e-01 dual_obj:2.06995e-01 rel_pd_gap:4.849e-02 time:5.73 restart_used:0, restart_trigger_mean:0, restart_trigger_ergodic:0, diff_nrm_x_recovered:1.472e+00 diff_nrm_y_recovered:1.384e+01 nrm2_x_recovered:1.472e+00 nrm2_y_recovered:1.384e+01, nrmInf_x_recovered:9.994e-01 nrmInf_y_recovered:1.527e+00 dual_gap_ergodic:1.000e+30, dual_gap_mean:1.000e+30, dual_gap_restart_threshold:Inf, dual_gap_r:0.000e+00, kkt_error_ergodic:1.000e+30, kkt_error_mean:1.000e+30, kkt_error_restart_threshold:0.000e+00, tau:8.501e-02, sigma:1.146e+01
[ Info: iter:2000 rel_p_res(inf):1.830e-04 rel_d_res(inf):2.938e-03 primal_obj:1.63060e-01 dual_obj:1.85687e-01 rel_pd_gap:1.908e-02 time:4.78 restart_used:0, restart_trigger_mean:0, restart_trigger_ergodic:0, diff_nrm_x_recovered:1.059e-03 diff_nrm_y_recovered:1.868e-02 nrm2_x_recovered:1.474e+00 nrm2_y_recovered:1.417e+01, nrmInf_x_recovered:9.996e-01 nrmInf_y_recovered:1.530e+00 dual_gap_ergodic:1.000e+30, dual_gap_mean:1.000e+30, dual_gap_restart_threshold:Inf, dual_gap_r:0.000e+00, kkt_error_ergodic:1.000e+30, kkt_error_mean:1.000e+30, kkt_error_restart_threshold:0.000e+00, tau:1.001e-01, sigma:1.413e+01
[ Info: restart due to condition 1
[ Info: omega:11.88048202667493, x_diff_norm:2.1800666695527475, y_diff_norm:14.661261161707923
[ Info: iter:2000 rel_p_res(inf):2.455e-04 rel_d_res(inf):4.011e-03 primal_obj:1.62882e-01 dual_obj:1.85663e-01 rel_pd_gap:1.921e-02 time:6.61 restart_used:0, restart_trigger_mean:0, restart_trigger_ergodic:0, diff_nrm_x_recovered:1.892e-03 diff_nrm_y_recovered:2.952e-02 nrm2_x_recovered:1.472e+00 nrm2_y_recovered:1.383e+01, nrmInf_x_recovered:9.995e-01 nrmInf_y_recovered:1.526e+00 dual_gap_ergodic:1.000e+30, dual_gap_mean:1.000e+30, dual_gap_restart_threshold:Inf, dual_gap_r:0.000e+00, kkt_error_ergodic:1.000e+30, kkt_error_mean:1.000e+30, kkt_error_restart_threshold:0.000e+00, tau:7.843e-02, sigma:1.058e+01
[ Info: restart due to condition 1
[ Info: omega:11.613098501789018, x_diff_norm:2.1766912128382088, y_diff_norm:14.324875505291343
[ Info: iter:3000 rel_p_res(inf):5.362e-07 rel_d_res(inf):1.521e-06 primal_obj:1.68494e-01 dual_obj:1.68507e-01 rel_pd_gap:1.048e-05 time:5.15 restart_used:1, restart_trigger_mean:0, restart_trigger_ergodic:1, diff_nrm_x_recovered:1.133e-03 diff_nrm_y_recovered:2.021e-02 nrm2_x_recovered:1.475e+00 nrm2_y_recovered:1.416e+01, nrmInf_x_recovered:1.000e+00 nrmInf_y_recovered:1.529e+00 dual_gap_ergodic:1.069e-03, dual_gap_mean:7.081e-03, dual_gap_restart_threshold:1.069e-03, dual_gap_r:6.235e+01, kkt_error_ergodic:1.000e+30, kkt_error_mean:1.000e+30, kkt_error_restart_threshold:0.000e+00, tau:1.284e-01, sigma:1.026e+01
[ Info: iter:3000 rel_p_res(inf):7.753e-07 rel_d_res(inf):1.801e-06 primal_obj:1.62375e-01 dual_obj:1.62393e-01 rel_pd_gap:1.522e-05 time:6.98 restart_used:1, restart_trigger_mean:0, restart_trigger_ergodic:1, diff_nrm_x_recovered:1.569e-03 diff_nrm_y_recovered:2.774e-02 nrm2_x_recovered:1.473e+00 nrm2_y_recovered:1.383e+01, nrmInf_x_recovered:1.000e+00 nrmInf_y_recovered:1.525e+00 dual_gap_ergodic:7.916e-04, dual_gap_mean:4.157e-03, dual_gap_restart_threshold:7.916e-04, dual_gap_r:7.945e+01, kkt_error_ergodic:1.000e+30, kkt_error_mean:1.000e+30, kkt_error_restart_threshold:0.000e+00, tau:1.331e-01, sigma:1.017e+01
[ Info: iter:4000 rel_p_res(inf):2.522e-07 rel_d_res(inf):6.964e-07 primal_obj:1.68495e-01 dual_obj:1.68501e-01 rel_pd_gap:4.891e-06 time:5.44 restart_used:1, restart_trigger_mean:0, restart_trigger_ergodic:1, diff_nrm_x_recovered:4.361e-06 diff_nrm_y_recovered:2.284e-05 nrm2_x_recovered:1.475e+00 nrm2_y_recovered:1.416e+01, nrmInf_x_recovered:1.000e+00 nrmInf_y_recovered:1.529e+00 dual_gap_ergodic:1.069e-03, dual_gap_mean:7.081e-03, dual_gap_restart_threshold:1.069e-03, dual_gap_r:6.235e+01, kkt_error_ergodic:1.000e+30, kkt_error_mean:1.000e+30, kkt_error_restart_threshold:0.000e+00, tau:1.426e-01, sigma:1.139e+01
[ Info: restart due to condition 1
[ Info: omega:8.938565114815383, x_diff_norm:0.0021866007958607114, y_diff_norm:0.023139414635518826
[ Info: iter:5000 rel_p_res(inf):4.147e-10 rel_d_res(inf):4.583e-09 primal_obj:1.68496e-01 dual_obj:1.68496e-01 rel_pd_gap:2.200e-08 time:5.76 restart_used:2, restart_trigger_mean:0, restart_trigger_ergodic:2, diff_nrm_x_recovered:4.294e-06 diff_nrm_y_recovered:2.359e-05 nrm2_x_recovered:1.475e+00 nrm2_y_recovered:1.416e+01, nrmInf_x_recovered:1.000e+00 nrmInf_y_recovered:1.529e+00 dual_gap_ergodic:3.582e-04, dual_gap_mean:2.277e-03, dual_gap_restart_threshold:3.582e-04, dual_gap_r:1.091e-04, kkt_error_ergodic:1.000e+30, kkt_error_mean:1.000e+30, kkt_error_restart_threshold:0.000e+00, tau:1.134e-01, sigma:1.073e+01
[ Info: ===============================================
[ Info: ---------------------------------------------------
[ Info: ------------- Solver Info Summary -----------------
[ Info: ---------------------------------------------------
[ Info: iter_num:                     5000
[ Info: exit_status:                  optimal
[ Info: l_2_abs_primal_res:           7.9561e-09
[ Info: l_2_rel_primal_res:           1.2167e-10
[ Info: l_inf_abs_primal_res:         8.2936e-10
[ Info: l_inf_rel_primal_res:         4.1468e-10
[ Info: l_2_abs_dual_res:             6.0586e-08
[ Info: l_2_rel_dual_res:             9.9388e-12
[ Info: l_inf_abs_dual_res:           1.3750e-08
[ Info: l_inf_rel_dual_res:           4.5832e-09
[ Info: rel_gap:                      2.1998e-08
[ Info: abs_gap:                      2.5705e-08
[ Info: primal_obj:                   1.6850e-01
[ Info: dual_obj:                     1.6850e-01
[ Info: time:                         5.7593
[ Info: ---------------------------------------------------
[ Info:  norm(sol.x.recovered_primal.primal_sol.x, Inf): 1.0000000005344976
[ Info:  norm(sol.y.recovered_dual.dual_sol.y, Inf): 1.5290356414661725
[ Info: time for projection: 0.2716708183288574
[ Info: time for iterative: 1.3243355751037598
[ Info: time for restart check: 0.1838369369506836
[ Info: time for exit check: 0.0
[ Info: time for print info calculation: 0.5511960983276367
[ Info: iter:4000 rel_p_res(inf):3.495e-07 rel_d_res(inf):1.668e-06 primal_obj:1.62379e-01 dual_obj:1.62393e-01 rel_pd_gap:1.263e-05 time:7.54 restart_used:1, restart_trigger_mean:0, restart_trigger_ergodic:1, diff_nrm_x_recovered:3.204e-06 diff_nrm_y_recovered:1.409e-05 nrm2_x_recovered:1.473e+00 nrm2_y_recovered:1.383e+01, nrmInf_x_recovered:1.000e+00 nrmInf_y_recovered:1.525e+00 dual_gap_ergodic:7.916e-04, dual_gap_mean:4.157e-03, dual_gap_restart_threshold:7.916e-04, dual_gap_r:7.945e+01, kkt_error_ergodic:1.000e+30, kkt_error_mean:1.000e+30, kkt_error_restart_threshold:0.000e+00, tau:1.217e-01, sigma:9.303e+00
[ Info: restart due to condition 2
[ Info: omega:8.742206705699488, x_diff_norm:0.002665618670346312, y_diff_norm:0.03233076258072385
[ Info: iter:1000 rel_p_res(inf):2.710e-04 rel_d_res(inf):7.864e-03 primal_obj:1.49794e-01 dual_obj:2.11822e-01 rel_pd_gap:5.119e-02 time:4.51 restart_used:0, restart_trigger_mean:0, restart_trigger_ergodic:0, diff_nrm_x_recovered:1.474e+00 diff_nrm_y_recovered:1.587e+01 nrm2_x_recovered:1.474e+00 nrm2_y_recovered:1.587e+01, nrmInf_x_recovered:9.995e-01 nrmInf_y_recovered:1.531e+00 dual_gap_ergodic:1.000e+30, dual_gap_mean:1.000e+30, dual_gap_restart_threshold:Inf, dual_gap_r:0.000e+00, kkt_error_ergodic:1.000e+30, kkt_error_mean:1.000e+30, kkt_error_restart_threshold:0.000e+00, tau:7.470e-02, sigma:1.339e+01
[ Info: iter:5000 rel_p_res(inf):7.206e-10 rel_d_res(inf):5.195e-09 primal_obj:1.62383e-01 dual_obj:1.62383e-01 rel_pd_gap:3.379e-08 time:7.87 restart_used:2, restart_trigger_mean:0, restart_trigger_ergodic:2, diff_nrm_x_recovered:3.875e-06 diff_nrm_y_recovered:3.096e-05 nrm2_x_recovered:1.473e+00 nrm2_y_recovered:1.383e+01, nrmInf_x_recovered:1.000e+00 nrmInf_y_recovered:1.525e+00 dual_gap_ergodic:3.301e-04, dual_gap_mean:2.943e-03, dual_gap_restart_threshold:3.301e-04, dual_gap_r:2.241e-04, kkt_error_ergodic:1.000e+30, kkt_error_mean:1.000e+30, kkt_error_restart_threshold:0.000e+00, tau:1.018e-01, sigma:1.079e+01
[ Info: ===============================================
[ Info: ---------------------------------------------------
[ Info: ------------- Solver Info Summary -----------------
[ Info: ---------------------------------------------------
[ Info: iter_num:                     5000
[ Info: exit_status:                  optimal
[ Info: l_2_abs_primal_res:           9.1351e-09
[ Info: l_2_rel_primal_res:           1.4232e-10
[ Info: l_inf_abs_primal_res:         1.4412e-09
[ Info: l_inf_rel_primal_res:         7.2059e-10
[ Info: l_2_abs_dual_res:             5.8988e-08
[ Info: l_2_rel_dual_res:             9.9182e-12
[ Info: l_inf_abs_dual_res:           1.5586e-08
[ Info: l_inf_rel_dual_res:           5.1952e-09
[ Info: rel_gap:                      3.3786e-08
[ Info: abs_gap:                      3.9272e-08
[ Info: primal_obj:                   1.6238e-01
[ Info: dual_obj:                     1.6238e-01
[ Info: time:                         7.8683
[ Info: ---------------------------------------------------
[ Info:  norm(sol.x.recovered_primal.primal_sol.x, Inf): 1.000000001057576
[ Info:  norm(sol.y.recovered_dual.dual_sol.y, Inf): 1.5251498066298157
[ Info: time for projection: 0.37584900856018066
[ Info: time for iterative: 1.7474663257598877
[ Info: time for restart check: 0.3272850513458252
[ Info: time for exit check: 0.0
[ Info: time for print info calculation: 0.5655910968780518
[ Info: iter:2000 rel_p_res(inf):1.810e-04 rel_d_res(inf):3.101e-03 primal_obj:1.63013e-01 dual_obj:1.83682e-01 rel_pd_gap:1.746e-02 time:5.41 restart_used:0, restart_trigger_mean:0, restart_trigger_ergodic:0, diff_nrm_x_recovered:1.728e-03 diff_nrm_y_recovered:3.497e-02 nrm2_x_recovered:1.474e+00 nrm2_y_recovered:1.586e+01, nrmInf_x_recovered:9.996e-01 nrmInf_y_recovered:1.530e+00 dual_gap_ergodic:1.000e+30, dual_gap_mean:1.000e+30, dual_gap_restart_threshold:Inf, dual_gap_r:0.000e+00, kkt_error_ergodic:1.000e+30, kkt_error_mean:1.000e+30, kkt_error_restart_threshold:0.000e+00, tau:9.560e-02, sigma:1.714e+01
[ Info: restart due to condition 1
[ Info: omega:13.388925055669858, x_diff_norm:2.179639515293937, y_diff_norm:16.293243432364132
[ Info: iter:3000 rel_p_res(inf):4.886e-07 rel_d_res(inf):1.410e-06 primal_obj:1.65464e-01 dual_obj:1.65481e-01 rel_pd_gap:1.460e-05 time:5.79 restart_used:1, restart_trigger_mean:0, restart_trigger_ergodic:1, diff_nrm_x_recovered:1.024e-03 diff_nrm_y_recovered:2.229e-02 nrm2_x_recovered:1.475e+00 nrm2_y_recovered:1.586e+01, nrmInf_x_recovered:1.000e+00 nrmInf_y_recovered:1.529e+00 dual_gap_ergodic:1.397e-03, dual_gap_mean:8.207e-03, dual_gap_restart_threshold:1.397e-03, dual_gap_r:6.482e+01, kkt_error_ergodic:1.000e+30, kkt_error_mean:1.000e+30, kkt_error_restart_threshold:0.000e+00, tau:1.124e-01, sigma:1.125e+01
TABLE5_SOLVE_RESULT solver=cupdcs instance=table5-m10000-n100000-r03 termination=OPTIMAL primal_status=FEASIBLE_POINT iterations=5000 objective=0.16297098686508793 optimize_wall_seconds=37.57955884933472
TABLE5_SOLVE_FINISH solver=cupdcs instance=table5-m10000-n100000-r03 status=completed result=/home/zhenwei/PDCS_fork/benchmark/large_scale_lasso/table5_solver_results/cupdcs/table5-m10000-n100000-r03/attempt_20260729T195705Z_gpu2/result.toml
[ Info: iter:4000 rel_p_res(inf):4.019e-07 rel_d_res(inf):7.939e-07 primal_obj:1.65466e-01 dual_obj:1.65476e-01 rel_pd_gap:8.643e-06 time:6.29 restart_used:1, restart_trigger_mean:0, restart_trigger_ergodic:1, diff_nrm_x_recovered:3.901e-06 diff_nrm_y_recovered:1.698e-05 nrm2_x_recovered:1.475e+00 nrm2_y_recovered:1.586e+01, nrmInf_x_recovered:1.000e+00 nrmInf_y_recovered:1.529e+00 dual_gap_ergodic:1.397e-03, dual_gap_mean:8.207e-03, dual_gap_restart_threshold:1.397e-03, dual_gap_r:6.482e+01, kkt_error_ergodic:1.000e+30, kkt_error_mean:1.000e+30, kkt_error_restart_threshold:0.000e+00, tau:1.018e-01, sigma:1.019e+01
[ Info: restart due to condition 1
[ Info: omega:10.00424438154341, x_diff_norm:0.0020954910301896304, y_diff_norm:0.02914202718840444
[ Info: iter:5000 rel_p_res(inf):4.754e-10 rel_d_res(inf):6.104e-09 primal_obj:1.65471e-01 dual_obj:1.65471e-01 rel_pd_gap:3.881e-08 time:6.62 restart_used:2, restart_trigger_mean:0, restart_trigger_ergodic:2, diff_nrm_x_recovered:4.289e-06 diff_nrm_y_recovered:3.204e-05 nrm2_x_recovered:1.475e+00 nrm2_y_recovered:1.586e+01, nrmInf_x_recovered:1.000e+00 nrmInf_y_recovered:1.529e+00 dual_gap_ergodic:3.394e-04, dual_gap_mean:2.605e-03, dual_gap_restart_threshold:3.394e-04, dual_gap_r:1.681e-04, kkt_error_ergodic:1.000e+30, kkt_error_mean:1.000e+30, kkt_error_restart_threshold:0.000e+00, tau:8.906e-02, sigma:1.239e+01
[ Info: ===============================================
[ Info: ---------------------------------------------------
[ Info: ------------- Solver Info Summary -----------------
[ Info: ---------------------------------------------------
[ Info: iter_num:                     5000
[ Info: exit_status:                  optimal
[ Info: l_2_abs_primal_res:           9.0479e-09
[ Info: l_2_rel_primal_res:           1.3952e-10
[ Info: l_inf_abs_primal_res:         9.5089e-10
[ Info: l_inf_rel_primal_res:         4.7545e-10
[ Info: l_2_abs_dual_res:             7.5373e-08
[ Info: l_2_rel_dual_res:             1.0949e-11
[ Info: l_inf_abs_dual_res:           1.8312e-08
[ Info: l_inf_rel_dual_res:           6.1039e-09
[ Info: rel_gap:                      3.8809e-08
[ Info: abs_gap:                      4.5231e-08
[ Info: primal_obj:                   1.6547e-01
[ Info: dual_obj:                     1.6547e-01
[ Info: time:                         6.6247
[ Info: ---------------------------------------------------
[ Info:  norm(sol.x.recovered_primal.primal_sol.x, Inf): 1.0000000006215388
[ Info:  norm(sol.y.recovered_dual.dual_sol.y, Inf): 1.5285578379608527
[ Info: time for projection: 0.49135494232177734
[ Info: time for iterative: 1.4692456722259521
[ Info: time for restart check: 0.300706148147583
[ Info: time for exit check: 0.0
[ Info: time for print info calculation: 0.5948994159698486
RESOURCE_SNAPSHOT label=solve_cupdcs_table5-m10000-n100000-r03 utc=2026-07-29T19:58:15Z
               total        used        free      shared  buff/cache   available
Mem:           2.0Ti        85Gi       458Gi       103Mi       1.4Ti       1.9Ti
Swap:             0B          0B          0B
Filesystem                    Size  Used Avail Use% Mounted on
/dev/mapper/ubuntu--vg-lv--0  778G  726G   13G  99% /home
SOLVE_CASE_COMPLETE solver=cupdcs id=table5-m10000-n100000-r03 utc=2026-07-29T19:58:15Z
GPU_PREFLIGHT 2, GPU-28d7051d-27e3-48ab-6616-6771b0a9e050, NVIDIA H100 80GB HBM3, 0, 81081, 0
SOLVE_CASE_START solver=scs_gpu id=table5-m10000-n100000-r03 gpu=2 utc=2026-07-29T19:58:16Z
rescaling_method is not set, using default value: :ruiz_pock_chambolle. Note that if :use_scaling is false, this option is ignored.
kkt_restart_freq is not set, using default value: 500.
duality_gap_restart_freq is not set, using default value: 2000.
TABLE5_SOLVE_RESULT solver=cupdcs instance=table5-m10000-n100000-r04 termination=OPTIMAL primal_status=FEASIBLE_POINT iterations=5000 objective=0.16849621533470688 optimize_wall_seconds=37.138020038604736
TABLE5_SOLVE_FINISH solver=cupdcs instance=table5-m10000-n100000-r04 status=completed result=/home/zhenwei/PDCS_fork/benchmark/large_scale_lasso/table5_solver_results/cupdcs/table5-m10000-n100000-r04/attempt_20260729T195705Z_gpu3/result.toml
TABLE5_SOLVE_RESULT solver=cupdcs instance=table5-m10000-n100000-r05 termination=OPTIMAL primal_status=FEASIBLE_POINT iterations=5000 objective=0.16238299887350452 optimize_wall_seconds=39.808138847351074
RESOURCE_SNAPSHOT label=solve_cupdcs_table5-m10000-n100000-r04 utc=2026-07-29T19:58:17Z
TABLE5_SOLVE_FINISH solver=cupdcs instance=table5-m10000-n100000-r05 status=completed result=/home/zhenwei/PDCS_fork/benchmark/large_scale_lasso/table5_solver_results/cupdcs/table5-m10000-n100000-r05/attempt_20260729T195705Z_gpu4/result.toml
               total        used        free      shared  buff/cache   available
Mem:           2.0Ti        84Gi       459Gi        83Mi       1.4Ti       1.9Ti
Swap:             0B          0B          0B
Filesystem                    Size  Used Avail Use% Mounted on
/dev/mapper/ubuntu--vg-lv--0  778G  726G   13G  99% /home
SOLVE_CASE_COMPLETE solver=cupdcs id=table5-m10000-n100000-r04 utc=2026-07-29T19:58:17Z
GPU_PREFLIGHT 3, GPU-22f89f46-9219-a475-fe40-bba785517158, NVIDIA H100 80GB HBM3, 0, 81081, 2
SOLVE_CASE_START solver=scs_gpu id=table5-m10000-n100000-r04 gpu=3 utc=2026-07-29T19:58:17Z
RESOURCE_SNAPSHOT label=solve_cupdcs_table5-m10000-n100000-r05 utc=2026-07-29T19:58:17Z
               total        used        free      shared  buff/cache   available
Mem:           2.0Ti        82Gi       461Gi        63Mi       1.4Ti       1.9Ti
Swap:             0B          0B          0B
Filesystem                    Size  Used Avail Use% Mounted on
/dev/mapper/ubuntu--vg-lv--0  778G  726G   13G  99% /home
SOLVE_CASE_COMPLETE solver=cupdcs id=table5-m10000-n100000-r05 utc=2026-07-29T19:58:17Z
GPU_PREFLIGHT 4, GPU-7fe4e5c3-9503-89aa-3eea-36f0e5127410, NVIDIA H100 80GB HBM3, 0, 81081, 0
SOLVE_CASE_START solver=scs_gpu id=table5-m10000-n100000-r05 gpu=4 utc=2026-07-29T19:58:18Z
Precompiling packages...
    Pkg Being precompiled by another process (pid: 2239852, pidfile: /tmp/pdcs_scs_gpu_depot/compiled/v1.12/Pkg/tUTdb_ZeWUM.ji.pidfile)
TABLE5_SOLVE_RESULT solver=cupdcs instance=table5-m10000-n100000-r02 termination=OPTIMAL primal_status=FEASIBLE_POINT iterations=5000 objective=0.1654709982043959 optimize_wall_seconds=38.569589138031006
[ Info: logfile is set to nothing
[ Info: ---------------------------------------------------
[ Info: ------------- Parameter Info Summary --------------
[ Info: ---------------------------------------------------
[ Info: time limit: 600.0
[ Info: use_preconditioner: true
[ Info: use_adaptive_restart: true
[ Info: use_adaptive_step_size_weight: true
[ Info: use_aggressive: true
[ Info: use_restart: true
[ Info: use_adaptive_step: true
[ Info: use_reflection: true
[ Info: use_halpern: true
[ Info: use_resolving: true
[ Info: use_duality_gap_restart: true
[ Info: duality_gap_restart_freq: 2000
[ Info: use_kkt_restart: false
[ Info: kkt_restart_freq: 2000
[ Info: abs_tol: 1.0e-6
[ Info: rel_tol: 1.0e-6
[ Info: eps_primal_infeasible_low_acc: 1.0e-12
[ Info: eps_dual_infeasible_low_acc: 1.0e-12
[ Info: eps_primal_infeasible_high_acc: 1.0e-16
[ Info: eps_dual_infeasible_high_acc: 1.0e-16
[ Info: print_freq: 1000
[ Info: check_terminate_freq: 1000
[ Info: ---------------------------------------------------
[ Info: ------------- Model Info Summary -----------------
[ Info: ---------------------------------------------------
[ Info: variable number: 1470004
[ Info: constraint number: 1540005
[ Info: non-zero elements in G: 11344653
[ Info: Number of box constraints: 1470004
[ Info: Number of equal constraints: 70003
[ Info: Number of nonnegative constraints: 1400000
[ Info: Number of soc cone constraints: 1
[ Info: Number of rsoc cone constraints: 0
[ Info: Number of exp cone constraints: 0
[ Info: Number of dual exp cone constraints: 0
[ Info: Number of soc cone variables: 0
[ Info: Number of rsoc cone variables: 0
[ Info: Number of exp cone variables: 0
[ Info: Number of dual exp cone variables: 0
[ Info: ---------------------------------------------------
[ Info: Using preconditioner
[ Info: Warm start not enabled. Ignoring warm start values.
[ Info: Initializing primal and dual variables to zero.
TABLE5_SOLVE_FINISH solver=cupdcs instance=table5-m10000-n100000-r02 status=completed result=/home/zhenwei/PDCS_fork/benchmark/large_scale_lasso/table5_solver_results/cupdcs/table5-m10000-n100000-r02/attempt_20260729T195705Z_gpu1/result.toml
RESOURCE_SNAPSHOT label=solve_cupdcs_table5-m10000-n100000-r02 utc=2026-07-29T19:58:19Z
               total        used        free      shared  buff/cache   available
Mem:           2.0Ti        82Gi       461Gi        42Mi       1.4Ti       1.9Ti
Swap:             0B          0B          0B
Filesystem                    Size  Used Avail Use% Mounted on
/dev/mapper/ubuntu--vg-lv--0  778G  726G   13G  99% /home
SOLVE_CASE_COMPLETE solver=cupdcs id=table5-m10000-n100000-r02 utc=2026-07-29T19:58:19Z
GPU_PREFLIGHT 1, GPU-1a06a313-b094-618b-9f24-8ccf7885ac5b, NVIDIA H100 80GB HBM3, 0, 81081, 0
SOLVE_CASE_START solver=scs_gpu id=table5-m10000-n100000-r02 gpu=1 utc=2026-07-29T19:58:19Z
Precompiling packages...
    Pkg Being precompiled by another process (pid: 2239852, pidfile: /tmp/pdcs_scs_gpu_depot/compiled/v1.12/Pkg/tUTdb_ZeWUM.ji.pidfile)
rescaling_method is not set, using default value: :ruiz_pock_chambolle. Note that if :use_scaling is false, this option is ignored.
kkt_restart_freq is not set, using default value: 500.
duality_gap_restart_freq is not set, using default value: 2000.
Precompiling packages...
    Pkg Being precompiled by another process (pid: 2239852, pidfile: /tmp/pdcs_scs_gpu_depot/compiled/v1.12/Pkg/tUTdb_ZeWUM.ji.pidfile)
Precompiling packages...
    Pkg Being precompiled by another process (pid: 2239852, pidfile: /tmp/pdcs_scs_gpu_depot/compiled/v1.12/Pkg/tUTdb_ZeWUM.ji.pidfile)
[ Info: logfile is set to nothing
[ Info: ---------------------------------------------------
[ Info: ------------- Parameter Info Summary --------------
[ Info: ---------------------------------------------------
[ Info: time limit: 600.0
[ Info: use_preconditioner: true
[ Info: use_adaptive_restart: true
[ Info: use_adaptive_step_size_weight: true
[ Info: use_aggressive: true
[ Info: use_restart: true
[ Info: use_adaptive_step: true
[ Info: use_reflection: true
[ Info: use_halpern: true
[ Info: use_resolving: true
[ Info: use_duality_gap_restart: true
[ Info: duality_gap_restart_freq: 2000
[ Info: use_kkt_restart: false
[ Info: kkt_restart_freq: 2000
[ Info: abs_tol: 1.0e-6
[ Info: rel_tol: 1.0e-6
[ Info: eps_primal_infeasible_low_acc: 1.0e-12
[ Info: eps_dual_infeasible_low_acc: 1.0e-12
[ Info: eps_primal_infeasible_high_acc: 1.0e-16
[ Info: eps_dual_infeasible_high_acc: 1.0e-16
[ Info: print_freq: 1000
[ Info: check_terminate_freq: 1000
[ Info: ---------------------------------------------------
[ Info: ------------- Model Info Summary -----------------
[ Info: ---------------------------------------------------
[ Info: variable number: 1470004
[ Info: constraint number: 1540005
[ Info: non-zero elements in G: 11339453
[ Info: Number of box constraints: 1470004
[ Info: Number of equal constraints: 70003
[ Info: Number of nonnegative constraints: 1400000
[ Info: Number of soc cone constraints: 1
[ Info: Number of rsoc cone constraints: 0
[ Info: Number of exp cone constraints: 0
[ Info: Number of dual exp cone constraints: 0
[ Info: Number of soc cone variables: 0
[ Info: Number of rsoc cone variables: 0
[ Info: Number of exp cone variables: 0
[ Info: Number of dual exp cone variables: 0
[ Info: ---------------------------------------------------
[ Info: Using preconditioner
[ Info: Warm start not enabled. Ignoring warm start values.
[ Info: Initializing primal and dual variables to zero.
[ Info: initial nrm1G: 6.442085373418478e6, initial nrmInfG: 1.0
[ Info: initial nrm1c: 68504.40400036749
[ Info: initial nrm1h: 228.03090249002963
[ Info: initial nrmInfc: 2.0
[ Info: initial nrm1G: 6.440310163173105e6, initial nrmInfG: 1.0
[ Info: initial nrm1c: 73274.17983555883
[ Info: initial nrm1h: 227.83060834842746
[ Info: initial nrmInfc: 2.0
[ Info: max Dr_product:3.6727120289805866
[ Info: norm Dr_product:2538.1262694246375
[ Info: max Dl_product:10.860378574929356
[ Info: norm Dl_product:2538.1264662203357
[ Info: after scaling, norm1 c: 33860.297885530934
[ Info: after scaling, normInf c: 1.9996615778638578
[ Info: after scaling, norm1 G: 1.0119023485714467e6
[ Info: after scaling, normInf G: 1.0
  27685.7 ms  ✓ Pkg
    LazyArtifacts Being precompiled by another process (pid: 2239852, pidfile: /tmp/pdcs_scs_gpu_depot/compiled/v1.12/LazyArtifacts/MRP8l_ZeWUM.ji.pidfile)
  24165.4 ms  ✓ Pkg
    LazyArtifacts Being precompiled by another process (pid: 2239852, pidfile: /tmp/pdcs_scs_gpu_depot/compiled/v1.12/LazyArtifacts/MRP8l_ZeWUM.ji.pidfile)
  25884.4 ms  ✓ Pkg
    LazyArtifacts Being precompiled by another process (pid: 2239852, pidfile: /tmp/pdcs_scs_gpu_depot/compiled/v1.12/LazyArtifacts/MRP8l_ZeWUM.ji.pidfile)
  25474.8 ms  ✓ Pkg
    LazyArtifacts Being precompiled by another process (pid: 2239852, pidfile: /tmp/pdcs_scs_gpu_depot/compiled/v1.12/LazyArtifacts/MRP8l_ZeWUM.ji.pidfile)
   1084.4 ms  ✓ LazyArtifacts
    CUDA_Runtime_jll Being precompiled by another process (pid: 2239852, pidfile: /tmp/pdcs_scs_gpu_depot/compiled/v1.12/CUDA_Runtime_jll/Hs50y_ZeWUM.ji.pidfile)
   1015.9 ms  ✓ LazyArtifacts
    CUDA_Runtime_jll Being precompiled by another process (pid: 2239852, pidfile: /tmp/pdcs_scs_gpu_depot/compiled/v1.12/CUDA_Runtime_jll/Hs50y_ZeWUM.ji.pidfile)
   1095.8 ms  ✓ LazyArtifacts
    CUDA_Runtime_jll Being precompiled by another process (pid: 2239852, pidfile: /tmp/pdcs_scs_gpu_depot/compiled/v1.12/CUDA_Runtime_jll/Hs50y_ZeWUM.ji.pidfile)
   1176.6 ms  ✓ LazyArtifacts
    CUDA_Runtime_jll Being precompiled by another process (pid: 2239852, pidfile: /tmp/pdcs_scs_gpu_depot/compiled/v1.12/CUDA_Runtime_jll/Hs50y_ZeWUM.ji.pidfile)
[ Info: iter:0 rel_p_res(inf):5.000e-01 rel_d_res(inf):6.667e-01 primal_obj:0.000e+00 dual_obj:0.000e+00 rel_pd_gap:0.000e+00 time:0.00 restart_used:0
[ Info: ==================================================
[ Info: Start unified diagonal GPU loop for the ablation-compatible production path.
[ Info: iter:0 rel_p_res(inf):5.000e-01 rel_d_res(inf):6.667e-01 primal_obj:0.000e+00 dual_obj:0.000e+00 rel_pd_gap:0.000e+00 time:2.71 restart_used:0
[ Info: max Dr_product:3.7978512047201716
[ Info: norm Dr_product:2537.776536517361
[ Info: max Dl_product:10.889430432729185
[ Info: norm Dl_product:2537.77673334018
[ Info: after scaling, norm1 c: 36221.72596582693
[ Info: after scaling, normInf c: 1.9996615778638578
[ Info: after scaling, norm1 G: 1.0119728196347684e6
[ Info: after scaling, normInf G: 1.0
[ Info: iter:1000 rel_p_res(inf):2.663e-04 rel_d_res(inf):1.287e-02 primal_obj:1.08067e+00 dual_obj:1.29677e+00 rel_pd_gap:9.409e-02 time:4.60 restart_used:0, restart_trigger_mean:0, restart_trigger_ergodic:0, diff_nrm_x_recovered:1.926e+00 diff_nrm_y_recovered:6.021e+01 nrm2_x_recovered:1.926e+00 nrm2_y_recovered:6.021e+01, nrmInf_x_recovered:1.097e+00 nrmInf_y_recovered:2.235e+00 dual_gap_ergodic:1.000e+30, dual_gap_mean:1.000e+30, dual_gap_restart_threshold:Inf, dual_gap_r:0.000e+00, kkt_error_ergodic:1.000e+30, kkt_error_mean:1.000e+30, kkt_error_restart_threshold:0.000e+00, tau:4.244e-02, sigma:3.561e+01
   4582.6 ms  ✓ CUDA_Runtime_jll
    SCS_GPU_jll Being precompiled by another process (pid: 2239852, pidfile: /tmp/pdcs_scs_gpu_depot/compiled/v1.12/SCS_GPU_jll/OtXgE_ZeWUM.ji.pidfile)
   4531.9 ms  ✓ CUDA_Runtime_jll
    SCS_GPU_jll Being precompiled by another process (pid: 2239852, pidfile: /tmp/pdcs_scs_gpu_depot/compiled/v1.12/SCS_GPU_jll/OtXgE_ZeWUM.ji.pidfile)
   4519.9 ms  ✓ CUDA_Runtime_jll
    SCS_GPU_jll Being precompiled by another process (pid: 2239852, pidfile: /tmp/pdcs_scs_gpu_depot/compiled/v1.12/SCS_GPU_jll/OtXgE_ZeWUM.ji.pidfile)
   4643.3 ms  ✓ CUDA_Runtime_jll
    SCS_GPU_jll Being precompiled by another process (pid: 2239852, pidfile: /tmp/pdcs_scs_gpu_depot/compiled/v1.12/SCS_GPU_jll/OtXgE_ZeWUM.ji.pidfile)
[ Info: iter:2000 rel_p_res(inf):2.006e-04 rel_d_res(inf):9.289e-03 primal_obj:1.10954e+00 dual_obj:1.24945e+00 rel_pd_gap:6.220e-02 time:6.05 restart_used:0, restart_trigger_mean:0, restart_trigger_ergodic:0, diff_nrm_x_recovered:1.147e-02 diff_nrm_y_recovered:2.556e-01 nrm2_x_recovered:1.932e+00 nrm2_y_recovered:6.013e+01, nrmInf_x_recovered:1.101e+00 nrmInf_y_recovered:2.219e+00 dual_gap_ergodic:1.000e+30, dual_gap_mean:1.000e+30, dual_gap_restart_threshold:Inf, dual_gap_r:0.000e+00, kkt_error_ergodic:1.000e+30, kkt_error_mean:1.000e+30, kkt_error_restart_threshold:0.000e+00, tau:3.161e-02, sigma:2.653e+01
[ Info: restart due to condition 1
[ Info: omega:28.96885723560685, x_diff_norm:2.751726757668653, y_diff_norm:62.86131151098718
[ Info: iter:3000 rel_p_res(inf):5.077e-06 rel_d_res(inf):2.965e-04 primal_obj:1.16606e+00 dual_obj:1.16822e+00 rel_pd_gap:9.969e-04 time:7.12 restart_used:1, restart_trigger_mean:1, restart_trigger_ergodic:0, diff_nrm_x_recovered:1.027e-02 diff_nrm_y_recovered:2.009e-01 nrm2_x_recovered:1.939e+00 nrm2_y_recovered:6.007e+01, nrmInf_x_recovered:1.105e+00 nrmInf_y_recovered:2.211e+00 dual_gap_ergodic:3.014e-03, dual_gap_mean:2.967e-03, dual_gap_restart_threshold:3.021e-03, dual_gap_r:3.792e+02, kkt_error_ergodic:1.000e+30, kkt_error_mean:1.000e+30, kkt_error_restart_threshold:0.000e+00, tau:3.698e-02, sigma:2.448e+01
[ Info: iter:0 rel_p_res(inf):5.000e-01 rel_d_res(inf):6.667e-01 primal_obj:0.000e+00 dual_obj:0.000e+00 rel_pd_gap:0.000e+00 time:0.00 restart_used:0
[ Info: ==================================================
[ Info: Start unified diagonal GPU loop for the ablation-compatible production path.
[ Info: iter:0 rel_p_res(inf):5.000e-01 rel_d_res(inf):6.667e-01 primal_obj:0.000e+00 dual_obj:0.000e+00 rel_pd_gap:0.000e+00 time:2.86 restart_used:0
[ Info: iter:4000 rel_p_res(inf):1.833e-06 rel_d_res(inf):1.252e-04 primal_obj:1.16577e+00 dual_obj:1.16666e+00 rel_pd_gap:4.075e-04 time:8.01 restart_used:1, restart_trigger_mean:1, restart_trigger_ergodic:0, diff_nrm_x_recovered:6.329e-04 diff_nrm_y_recovered:1.305e-02 nrm2_x_recovered:1.939e+00 nrm2_y_recovered:6.006e+01, nrmInf_x_recovered:1.105e+00 nrmInf_y_recovered:2.210e+00 dual_gap_ergodic:3.014e-03, dual_gap_mean:2.967e-03, dual_gap_restart_threshold:3.021e-03, dual_gap_r:3.792e+02, kkt_error_ergodic:1.000e+30, kkt_error_mean:1.000e+30, kkt_error_restart_threshold:0.000e+00, tau:5.011e-02, sigma:3.316e+01
   2770.6 ms  ✓ SCS_GPU_jll
  4 dependencies successfully precompiled in 36 seconds. 28 already precompiled.
   2699.0 ms  ✓ SCS_GPU_jll
  4 dependencies successfully precompiled in 34 seconds. 28 already precompiled.
   2808.8 ms  ✓ SCS_GPU_jll
  4 dependencies successfully precompiled in 34 seconds. 28 already precompiled.
   2824.0 ms  ✓ SCS_GPU_jll
  4 dependencies successfully precompiled in 33 seconds. 28 already precompiled.
[ Info: iter:5000 rel_p_res(inf):1.320e-06 rel_d_res(inf):9.420e-05 primal_obj:1.16576e+00 dual_obj:1.16639e+00 rel_pd_gap:2.922e-04 time:8.91 restart_used:1, restart_trigger_mean:1, restart_trigger_ergodic:0, diff_nrm_x_recovered:1.974e-04 diff_nrm_y_recovered:4.128e-03 nrm2_x_recovered:1.939e+00 nrm2_y_recovered:6.006e+01, nrmInf_x_recovered:1.105e+00 nrmInf_y_recovered:2.210e+00 dual_gap_ergodic:1.775e-02, dual_gap_mean:2.840e-03, dual_gap_restart_threshold:3.021e-03, dual_gap_r:3.792e+02, kkt_error_ergodic:1.000e+30, kkt_error_mean:1.000e+30, kkt_error_restart_threshold:0.000e+00, tau:4.655e-02, sigma:3.081e+01
[ Info: iter:6000 rel_p_res(inf):9.078e-07 rel_d_res(inf):6.667e-05 primal_obj:1.16575e+00 dual_obj:1.16619e+00 rel_pd_gap:2.049e-04 time:9.81 restart_used:1, restart_trigger_mean:1, restart_trigger_ergodic:0, diff_nrm_x_recovered:1.204e-04 diff_nrm_y_recovered:3.154e-03 nrm2_x_recovered:1.939e+00 nrm2_y_recovered:6.006e+01, nrmInf_x_recovered:1.105e+00 nrmInf_y_recovered:2.210e+00 dual_gap_ergodic:1.775e-02, dual_gap_mean:2.840e-03, dual_gap_restart_threshold:3.021e-03, dual_gap_r:3.792e+02, kkt_error_ergodic:1.000e+30, kkt_error_mean:1.000e+30, kkt_error_restart_threshold:0.000e+00, tau:3.614e-02, sigma:2.392e+01
[ Info: restart due to condition 1
[ Info: omega:25.7249623094901, x_diff_norm:0.08636204986610029, y_diff_norm:1.2905468442655075
[ Info: iter:1000 rel_p_res(inf):4.325e-04 rel_d_res(inf):1.989e-02 primal_obj:1.04838e+00 dual_obj:1.35230e+00 rel_pd_gap:1.292e-01 time:4.68 restart_used:0, restart_trigger_mean:0, restart_trigger_ergodic:0, diff_nrm_x_recovered:1.936e+00 diff_nrm_y_recovered:6.414e+01 nrm2_x_recovered:1.936e+00 nrm2_y_recovered:6.414e+01, nrmInf_x_recovered:1.103e+00 nrmInf_y_recovered:2.245e+00 dual_gap_ergodic:1.000e+30, dual_gap_mean:1.000e+30, dual_gap_restart_threshold:Inf, dual_gap_r:0.000e+00, kkt_error_ergodic:1.000e+30, kkt_error_mean:1.000e+30, kkt_error_restart_threshold:0.000e+00, tau:2.957e-02, sigma:2.837e+01
[ Info: iter:7000 rel_p_res(inf):1.737e-08 rel_d_res(inf):1.613e-07 primal_obj:1.16559e+00 dual_obj:1.16558e+00 rel_pd_gap:2.540e-06 time:10.87 restart_used:2, restart_trigger_mean:1, restart_trigger_ergodic:1, diff_nrm_x_recovered:2.934e-04 diff_nrm_y_recovered:5.722e-03 nrm2_x_recovered:1.939e+00 nrm2_y_recovered:6.006e+01, nrmInf_x_recovered:1.105e+00 nrmInf_y_recovered:2.210e+00 dual_gap_ergodic:2.560e-04, dual_gap_mean:1.833e-03, dual_gap_restart_threshold:2.560e-04, dual_gap_r:2.911e-01, kkt_error_ergodic:1.000e+30, kkt_error_mean:1.000e+30, kkt_error_restart_threshold:0.000e+00, tau:5.347e-02, sigma:2.055e+01
[ Info: iter:2000 rel_p_res(inf):1.405e-04 rel_d_res(inf):8.163e-03 primal_obj:1.11716e+00 dual_obj:1.24344e+00 rel_pd_gap:5.629e-02 time:6.23 restart_used:0, restart_trigger_mean:0, restart_trigger_ergodic:0, diff_nrm_x_recovered:9.956e-03 diff_nrm_y_recovered:2.671e-01 nrm2_x_recovered:1.942e+00 nrm2_y_recovered:6.406e+01, nrmInf_x_recovered:1.107e+00 nrmInf_y_recovered:2.236e+00 dual_gap_ergodic:1.000e+30, dual_gap_mean:1.000e+30, dual_gap_restart_threshold:Inf, dual_gap_r:0.000e+00, kkt_error_ergodic:1.000e+30, kkt_error_mean:1.000e+30, kkt_error_restart_threshold:0.000e+00, tau:3.274e-02, sigma:3.142e+01
[ Info: restart due to condition 1
[ Info: omega:30.978373705860577, x_diff_norm:2.763120316711481, y_diff_norm:66.67483817293183
[ Info: iter:8000 rel_p_res(inf):9.472e-09 rel_d_res(inf):8.418e-08 primal_obj:1.16559e+00 dual_obj:1.16558e+00 rel_pd_gap:1.451e-06 time:11.78 restart_used:2, restart_trigger_mean:1, restart_trigger_ergodic:1, diff_nrm_x_recovered:3.387e-06 diff_nrm_y_recovered:2.543e-05 nrm2_x_recovered:1.939e+00 nrm2_y_recovered:6.006e+01, nrmInf_x_recovered:1.105e+00 nrmInf_y_recovered:2.210e+00 dual_gap_ergodic:2.560e-04, dual_gap_mean:1.833e-03, dual_gap_restart_threshold:2.560e-04, dual_gap_r:2.911e-01, kkt_error_ergodic:1.000e+30, kkt_error_mean:1.000e+30, kkt_error_restart_threshold:0.000e+00, tau:6.403e-02, sigma:2.461e+01
[ Info: iter:3000 rel_p_res(inf):5.356e-07 rel_d_res(inf):4.967e-05 primal_obj:1.16781e+00 dual_obj:1.16803e+00 rel_pd_gap:1.026e-04 time:7.26 restart_used:1, restart_trigger_mean:0, restart_trigger_ergodic:1, diff_nrm_x_recovered:1.020e-02 diff_nrm_y_recovered:2.388e-01 nrm2_x_recovered:1.948e+00 nrm2_y_recovered:6.399e+01, nrmInf_x_recovered:1.111e+00 nrmInf_y_recovered:2.222e+00 dual_gap_ergodic:6.278e-04, dual_gap_mean:3.645e-03, dual_gap_restart_threshold:6.278e-04, dual_gap_r:3.723e+02, kkt_error_ergodic:1.000e+30, kkt_error_mean:1.000e+30, kkt_error_restart_threshold:0.000e+00, tau:4.139e-02, sigma:3.094e+01
[ Info: iter:9000 rel_p_res(inf):5.509e-09 rel_d_res(inf):8.746e-08 primal_obj:1.16559e+00 dual_obj:1.16558e+00 rel_pd_gap:6.712e-07 time:12.79 restart_used:2, restart_trigger_mean:1, restart_trigger_ergodic:1, diff_nrm_x_recovered:1.389e-06 diff_nrm_y_recovered:8.579e-06 nrm2_x_recovered:1.939e+00 nrm2_y_recovered:6.006e+01, nrmInf_x_recovered:1.105e+00 nrmInf_y_recovered:2.210e+00 dual_gap_ergodic:8.539e-04, dual_gap_mean:2.746e-03, dual_gap_restart_threshold:2.560e-04, dual_gap_r:2.911e-01, kkt_error_ergodic:1.000e+30, kkt_error_mean:1.000e+30, kkt_error_restart_threshold:0.000e+00, tau:5.623e-02, sigma:2.162e+01
[ Info: ===============================================
[ Info: ---------------------------------------------------
[ Info: ------------- Solver Info Summary -----------------
[ Info: ---------------------------------------------------
[ Info: iter:4000 rel_p_res(inf):2.751e-07 rel_d_res(inf):2.419e-05 primal_obj:1.16772e+00 dual_obj:1.16783e+00 rel_pd_gap:4.860e-05 time:8.15 restart_used:1, restart_trigger_mean:0, restart_trigger_ergodic:1, diff_nrm_x_recovered:1.392e-04 diff_nrm_y_recovered:2.524e-03 nrm2_x_recovered:1.948e+00 nrm2_y_recovered:6.399e+01, nrmInf_x_recovered:1.111e+00 nrmInf_y_recovered:2.222e+00 dual_gap_ergodic:6.278e-04, dual_gap_mean:3.645e-03, dual_gap_restart_threshold:6.278e-04, dual_gap_r:3.723e+02, kkt_error_ergodic:1.000e+30, kkt_error_mean:1.000e+30, kkt_error_restart_threshold:0.000e+00, tau:4.307e-02, sigma:3.219e+01
[ Info: iter_num:                     9000
[ Info: exit_status:                  optimal
[ Info: l_2_abs_primal_res:           5.9289e-07
[ Info: l_2_rel_primal_res:           1.3042e-09
[ Info: l_inf_abs_primal_res:         1.1595e-08
[ Info: l_inf_rel_primal_res:         5.5086e-09
[ Info: l_2_abs_dual_res:             4.0106e-06
[ Info: l_2_rel_dual_res:             5.8544e-11
[ Info: l_inf_abs_dual_res:           2.6238e-07
[ Info: l_inf_rel_dual_res:           8.7459e-08
[ Info: rel_gap:                      6.7117e-07
[ Info: abs_gap:                      1.4535e-06
[ Info: primal_obj:                   1.1656e+00
[ Info: dual_obj:                     1.1656e+00
[ Info: time:                         12.7930
[ Info: ---------------------------------------------------
[ Info:  norm(sol.x.recovered_primal.primal_sol.x, Inf): 1.1048300843513534
[ Info:  norm(sol.y.recovered_dual.dual_sol.y, Inf): 2.20966073060216
[ Info: time for projection: 0.4715702533721924
[ Info: time for iterative: 7.182298183441162
[ Info: time for restart check: 0.21522998809814453
[ Info: time for exit check: 0.0
[ Info: time for print info calculation: 0.5770225524902344
[ Info: iter:5000 rel_p_res(inf):1.992e-07 rel_d_res(inf):1.735e-05 primal_obj:1.16770e+00 dual_obj:1.16778e+00 rel_pd_gap:3.709e-05 time:9.05 restart_used:1, restart_trigger_mean:0, restart_trigger_ergodic:1, diff_nrm_x_recovered:4.405e-05 diff_nrm_y_recovered:7.456e-04 nrm2_x_recovered:1.948e+00 nrm2_y_recovered:6.399e+01, nrmInf_x_recovered:1.111e+00 nrmInf_y_recovered:2.222e+00 dual_gap_ergodic:6.542e-04, dual_gap_mean:2.142e-03, dual_gap_restart_threshold:6.278e-04, dual_gap_r:3.723e+02, kkt_error_ergodic:1.000e+30, kkt_error_mean:1.000e+30, kkt_error_restart_threshold:0.000e+00, tau:4.254e-02, sigma:3.180e+01
Precompiling packages...
    SCS → SCSSCS_GPU_jllExt Being precompiled by another process (pid: 2239852, pidfile: /tmp/pdcs_scs_gpu_depot/compiled/v1.12/SCSSCS_GPU_jllExt/ZKon3_ZeWUM.ji.pidfile)
Precompiling packages...
    SCS → SCSSCS_GPU_jllExt Being precompiled by another process (pid: 2239852, pidfile: /tmp/pdcs_scs_gpu_depot/compiled/v1.12/SCSSCS_GPU_jllExt/ZKon3_ZeWUM.ji.pidfile)
Precompiling packages...
    SCS → SCSSCS_GPU_jllExt Being precompiled by another process (pid: 2239852, pidfile: /tmp/pdcs_scs_gpu_depot/compiled/v1.12/SCSSCS_GPU_jllExt/ZKon3_ZeWUM.ji.pidfile)
Precompiling packages...
    SCS → SCSSCS_GPU_jllExt Being precompiled by another process (pid: 2239852, pidfile: /tmp/pdcs_scs_gpu_depot/compiled/v1.12/SCSSCS_GPU_jllExt/ZKon3_ZeWUM.ji.pidfile)
[ Info: iter:6000 rel_p_res(inf):1.433e-07 rel_d_res(inf):1.316e-05 primal_obj:1.16768e+00 dual_obj:1.16774e+00 rel_pd_gap:2.776e-05 time:9.93 restart_used:1, restart_trigger_mean:0, restart_trigger_ergodic:1, diff_nrm_x_recovered:2.253e-05 diff_nrm_y_recovered:4.044e-04 nrm2_x_recovered:1.948e+00 nrm2_y_recovered:6.399e+01, nrmInf_x_recovered:1.111e+00 nrmInf_y_recovered:2.222e+00 dual_gap_ergodic:6.542e-04, dual_gap_mean:2.142e-03, dual_gap_restart_threshold:6.278e-04, dual_gap_r:3.723e+02, kkt_error_ergodic:1.000e+30, kkt_error_mean:1.000e+30, kkt_error_restart_threshold:0.000e+00, tau:4.306e-02, sigma:3.219e+01
[ Info: restart due to condition 2
[ Info: omega:27.34074814664902, x_diff_norm:0.014947354835296115, y_diff_norm:0.360548575806447
[ Info: iter:7000 rel_p_res(inf):3.415e-09 rel_d_res(inf):6.725e-08 primal_obj:1.16764e+00 dual_obj:1.16764e+00 rel_pd_gap:7.490e-07 time:10.88 restart_used:2, restart_trigger_mean:0, restart_trigger_ergodic:2, diff_nrm_x_recovered:6.920e-05 diff_nrm_y_recovered:1.318e-03 nrm2_x_recovered:1.948e+00 nrm2_y_recovered:6.399e+01, nrmInf_x_recovered:1.111e+00 nrmInf_y_recovered:2.222e+00 dual_gap_ergodic:3.553e-04, dual_gap_mean:1.350e-03, dual_gap_restart_threshold:3.553e-04, dual_gap_r:9.692e-03, kkt_error_ergodic:1.000e+30, kkt_error_mean:1.000e+30, kkt_error_restart_threshold:0.000e+00, tau:4.301e-02, sigma:2.836e+01
[ Info: ===============================================
[ Info: ---------------------------------------------------
[ Info: ------------- Solver Info Summary -----------------
[ Info: ---------------------------------------------------
[ Info: iter_num:                     7000
[ Info: exit_status:                  optimal
[ Info: l_2_abs_primal_res:           3.3640e-07
[ Info: l_2_rel_primal_res:           7.3886e-10
[ Info: l_inf_abs_primal_res:         7.2077e-09
[ Info: l_inf_rel_primal_res:         3.4147e-09
[ Info: l_2_abs_dual_res:             3.6730e-06
[ Info: l_2_rel_dual_res:             5.0126e-11
[ Info: l_inf_abs_dual_res:           2.0175e-07
[ Info: l_inf_rel_dual_res:           6.7250e-08
[ Info: rel_gap:                      7.4901e-07
[ Info: abs_gap:                      1.6236e-06
[ Info: primal_obj:                   1.1676e+00
[ Info: dual_obj:                     1.1676e+00
[ Info: time:                         10.8752
[ Info: ---------------------------------------------------
[ Info:  norm(sol.x.recovered_primal.primal_sol.x, Inf): 1.1107854908365928
[ Info:  norm(sol.y.recovered_dual.dual_sol.y, Inf): 2.221570762435353
[ Info: time for projection: 0.4645218849182129
[ Info: time for iterative: 5.454439640045166
[ Info: time for restart check: 0.21353387832641602
[ Info: time for exit check: 0.0
[ Info: time for print info calculation: 0.5940101146697998
   2903.7 ms  ✓ SCS → SCSSCS_GPU_jllExt
  1 dependency successfully precompiled in 3 seconds. 66 already precompiled.
   2703.4 ms  ✓ SCS → SCSSCS_GPU_jllExt
  1 dependency successfully precompiled in 3 seconds. 66 already precompiled.
   2702.1 ms  ✓ SCS → SCSSCS_GPU_jllExt
  1 dependency successfully precompiled in 3 seconds. 66 already precompiled.
   2791.5 ms  ✓ SCS → SCSSCS_GPU_jllExt
  1 dependency successfully precompiled in 3 seconds. 66 already precompiled.
TABLE5_SOLVE_RESULT solver=cupdcs instance=table5-m70000-n700000-r01 termination=OPTIMAL primal_status=FEASIBLE_POINT iterations=9000 objective=1.165586336556841 optimize_wall_seconds=69.87060809135437
TABLE5_SOLVE_FINISH solver=cupdcs instance=table5-m70000-n700000-r01 status=completed result=/home/zhenwei/PDCS_fork/benchmark/large_scale_lasso/table5_solver_results/cupdcs/table5-m70000-n700000-r01/attempt_20260729T195705Z_gpu5/result.toml
RESOURCE_SNAPSHOT label=solve_cupdcs_table5-m70000-n700000-r01 utc=2026-07-29T19:59:07Z
               total        used        free      shared  buff/cache   available
Mem:           2.0Ti        78Gi       465Gi        47Mi       1.4Ti       1.9Ti
Swap:             0B          0B          0B
Filesystem                    Size  Used Avail Use% Mounted on
/dev/mapper/ubuntu--vg-lv--0  778G  726G   13G  99% /home
SOLVE_CASE_COMPLETE solver=cupdcs id=table5-m70000-n700000-r01 utc=2026-07-29T19:59:07Z
TABLE5_SOLVE_START solver=scs_gpu instance=table5-m10000-n100000-r03 m=10000 n=100000 density=0.0001 seed=7352328007339572649 tolerance=1.0e-6 time_limit=600.0
GPU_PREFLIGHT 5, GPU-84fc7112-00ba-4e9e-0a3b-615cd5f7d9c2, NVIDIA H100 80GB HBM3, 0, 81081, 0
SOLVE_CASE_START solver=scs_gpu id=table5-m70000-n700000-r01 gpu=5 utc=2026-07-29T19:59:07Z
TABLE5_SOLVE_START solver=scs_gpu instance=table5-m10000-n100000-r04 m=10000 n=100000 density=0.0001 seed=8539239721064585772 tolerance=1.0e-6 time_limit=600.0
TABLE5_SOLVE_START solver=scs_gpu instance=table5-m10000-n100000-r02 m=10000 n=100000 density=0.0001 seed=3774683599633055197 tolerance=1.0e-6 time_limit=600.0
TABLE5_SOLVE_START solver=scs_gpu instance=table5-m10000-n100000-r05 m=10000 n=100000 density=0.0001 seed=2682075302358372869 tolerance=1.0e-6 time_limit=600.0
TABLE5_INSTANCE_READY instance=table5-m10000-n100000-r03 nnz=99988 lambda=0.027201017342407076 numerical_digest=321f8cd91391a75d2bc191369ca8e5c9c76a8849e1494fc63dfb1e0f7dbda3c7 model_digest=ea96e34d082b0d29a060eae7abb137276dc34e521d8814d76782ea126e1e58c4 generation_seconds=1.469007968902588
TABLE5_INSTANCE_READY instance=table5-m10000-n100000-r04 nnz=100186 lambda=0.030464354934446564 numerical_digest=c908b5684763cfe8179a62cd603cb013a15a9115fff037027212c05c04349add model_digest=d842ad0b6f78b8bf29632a1ed5c157a0bfd0440bcee131e637e3065cf5d6fafb generation_seconds=1.3559348583221436
TABLE5_SOLVE_RESULT solver=cupdcs instance=table5-m70000-n700000-r02 termination=OPTIMAL primal_status=FEASIBLE_POINT iterations=7000 objective=1.1676391723442536 optimize_wall_seconds=69.95874810218811
TABLE5_SOLVE_FINISH solver=cupdcs instance=table5-m70000-n700000-r02 status=completed result=/home/zhenwei/PDCS_fork/benchmark/large_scale_lasso/table5_solver_results/cupdcs/table5-m70000-n700000-r02/attempt_20260729T195705Z_gpu6/result.toml
TABLE5_INSTANCE_READY instance=table5-m10000-n100000-r02 nnz=99628 lambda=0.034404785455175536 numerical_digest=2032fe65821f3ae162f8b40f9dcc78171f721f703d96ec6b9fb9cc822d8f126c model_digest=feb25d4b21bf57da12497740dd708d831bc20ccea036fc324fa1ec604d67567c generation_seconds=1.4288392066955566
TABLE5_INSTANCE_READY instance=table5-m10000-n100000-r05 nnz=99930 lambda=0.02972194382049677 numerical_digest=7fcf8bf61bf1ec94c4bc155be1a0ece373ce22dcfdf84b418db388e17ec84e6a model_digest=1c45922acd010d12d4fbe0c0baf8727b08492713b85edb9ac0fa125d394ca5d6 generation_seconds=1.4285409450531006
RESOURCE_SNAPSHOT label=solve_cupdcs_table5-m70000-n700000-r02 utc=2026-07-29T19:59:09Z
               total        used        free      shared  buff/cache   available
Mem:           2.0Ti        74Gi       469Gi        26Mi       1.4Ti       1.9Ti
Swap:             0B          0B          0B
Filesystem                    Size  Used Avail Use% Mounted on
/dev/mapper/ubuntu--vg-lv--0  778G  726G   13G  99% /home
SOLVE_CASE_COMPLETE solver=cupdcs id=table5-m70000-n700000-r02 utc=2026-07-29T19:59:09Z
GPU_PREFLIGHT 6, GPU-790986fa-7e8a-1825-d49a-9b2ba1c63325, NVIDIA H100 80GB HBM3, 0, 81081, 0
SOLVE_CASE_START solver=scs_gpu id=table5-m70000-n700000-r02 gpu=6 utc=2026-07-29T19:59:10Z
TABLE5_SOLVE_START solver=scs_gpu instance=table5-m70000-n700000-r01 m=70000 n=700000 density=0.0001 seed=6866308190711936842 tolerance=1.0e-6 time_limit=600.0
TABLE5_INSTANCE_READY instance=table5-m70000-n700000-r01 nnz=4902322 lambda=0.048930288571691086 numerical_digest=ea5f479114a93712157200d34dbe16e3ebf17d96129dc5d4a094c4d65e25ed47 model_digest=cf54c6000f9f42006e0157ee389b8aaa86a5ed7fda60cabdb3cd86a3151c0f1c generation_seconds=2.7678918838500977
TABLE5_SOLVE_START solver=scs_gpu instance=table5-m70000-n700000-r02 m=70000 n=700000 density=0.0001 seed=3717777317041247579 tolerance=1.0e-6 time_limit=600.0
TABLE5_INSTANCE_READY instance=table5-m70000-n700000-r02 nnz=4899722 lambda=0.052337271311113445 numerical_digest=02f9ec7e3c7e9002ad808099d95515249458dd2a890647dafe7b466a07b2cdfb model_digest=1e0f88d61922b1b49a9beca5440c13a1c9f837fd2000e546314540ff3152386f generation_seconds=2.775279998779297
------------------------------------------------------------------
	       SCS v3.2.11 - Splitting Conic Solver
	(c) Brendan O'Donoghue, Stanford University, 2012
------------------------------------------------------------------
problem:  variables n: 210004, constraints m: 220005
cones: 	  z: primal zero / dual free vars: 10003
	  l: linear vars: 200000
	  q: soc vars: 10002, qsize: 1
settings: eps_abs: 1.0e-06, eps_rel: 1.0e-06, eps_infeas: 1.0e-07
	  alpha: 1.50, scale: 1.00e-01, adaptive_scale: 1
	  max_iters: 100000, normalize: 1, rho_x: 1.00e-06
	  acceleration_lookback: 10, acceleration_interval: 10
	  time_limit_secs: 6.00e+02
	  compiled with openmp parallelization enabled
lin-sys:  sparse-indirect GPU
	  nnz(A): 419265, nnz(P): 0
------------------------------------------------------------------
 iter | pri res | dua res |   gap   |   obj   |  scale  | time (s)
------------------------------------------------------------------
     0| 2.83e+01  2.00e+00  4.82e+03 -2.41e+03  1.00e-01  3.16e+01 
   250| 6.10e-05  6.65e-05  4.13e-04  1.65e-01  1.07e+00  6.17e+02 
------------------------------------------------------------------
status:  solved (inaccurate - reached time_limit_secs)
timings: total: 6.17e+02s = setup: 2.53e+00s + solve: 6.14e+02s
	 lin-sys: 5.27e+02s, cones: 3.80e-01s, accel: 3.02e-01s
------------------------------------------------------------------
objective = 0.165273 (inaccurate)
------------------------------------------------------------------
TABLE5_SOLVE_RESULT solver=scs_gpu instance=table5-m10000-n100000-r02 termination=TIME_LIMIT primal_status=FEASIBLE_POINT iterations=250 objective=0.16506610994371165 optimize_wall_seconds=619.4800560474396
TABLE5_SOLVE_FINISH solver=scs_gpu instance=table5-m10000-n100000-r02 status=completed result=/home/zhenwei/PDCS_fork/benchmark/large_scale_lasso/table5_solver_results/scs_gpu/table5-m10000-n100000-r02/attempt_20260729T195705Z_gpu1/result.toml
RESOURCE_SNAPSHOT label=solve_scs_gpu_table5-m10000-n100000-r02 utc=2026-07-29T20:09:36Z
               total        used        free      shared  buff/cache   available
Mem:           2.0Ti        79Gi       464Gi        75Mi       1.4Ti       1.9Ti
Swap:             0B          0B          0B
Filesystem                    Size  Used Avail Use% Mounted on
/dev/mapper/ubuntu--vg-lv--0  778G  726G   13G  99% /home
SOLVE_CASE_COMPLETE solver=scs_gpu id=table5-m10000-n100000-r02 utc=2026-07-29T20:09:36Z
GPU_PREFLIGHT 1, GPU-1a06a313-b094-618b-9f24-8ccf7885ac5b, NVIDIA H100 80GB HBM3, 0, 81081, 0
SOLVE_CASE_START solver=cuclarabel id=table5-m10000-n100000-r02 gpu=1 utc=2026-07-29T20:09:36Z
Precompiling packages...
    673.5 ms  ✓ Mmap
   1898.0 ms  ✓ JSON
   4643.1 ms  ✓ ForwardDiff
------------------------------------------------------------------
	       SCS v3.2.11 - Splitting Conic Solver
	(c) Brendan O'Donoghue, Stanford University, 2012
------------------------------------------------------------------
problem:  variables n: 210004, constraints m: 220005
cones: 	  z: primal zero / dual free vars: 10003
	  l: linear vars: 200000
	  q: soc vars: 10002, qsize: 1
settings: eps_abs: 1.0e-06, eps_rel: 1.0e-06, eps_infeas: 1.0e-07
	  alpha: 1.50, scale: 1.00e-01, adaptive_scale: 1
	  max_iters: 100000, normalize: 1, rho_x: 1.00e-06
	  acceleration_lookback: 10, acceleration_interval: 10
	  time_limit_secs: 6.00e+02
	  compiled with openmp parallelization enabled
lin-sys:  sparse-indirect GPU
	  nnz(A): 419869, nnz(P): 0
------------------------------------------------------------------
 iter | pri res | dua res |   gap   |   obj   |  scale  | time (s)
------------------------------------------------------------------
     0| 2.83e+01  2.00e+00  3.61e+03 -1.81e+03  1.00e-01  3.27e+01 
   225| 6.98e-05  7.25e-05  5.01e-04  1.62e-01  1.09e+00  6.28e+02 
------------------------------------------------------------------
status:  solved (inaccurate - reached time_limit_secs)
timings: total: 6.28e+02s = setup: 2.64e+00s + solve: 6.25e+02s
	 lin-sys: 5.37e+02s, cones: 2.92e-01s, accel: 2.06e-01s
------------------------------------------------------------------
objective = 0.162153 (inaccurate)
------------------------------------------------------------------
TABLE5_SOLVE_RESULT solver=scs_gpu instance=table5-m10000-n100000-r05 termination=TIME_LIMIT primal_status=FEASIBLE_POINT iterations=225 objective=0.16190287953347532 optimize_wall_seconds=630.8166289329529
TABLE5_SOLVE_FINISH solver=scs_gpu instance=table5-m10000-n100000-r05 status=completed result=/home/zhenwei/PDCS_fork/benchmark/large_scale_lasso/table5_solver_results/scs_gpu/table5-m10000-n100000-r05/attempt_20260729T195705Z_gpu4/result.toml
RESOURCE_SNAPSHOT label=solve_scs_gpu_table5-m10000-n100000-r05 utc=2026-07-29T20:09:47Z
               total        used        free      shared  buff/cache   available
Mem:           2.0Ti        79Gi       464Gi        66Mi       1.4Ti       1.9Ti
Swap:             0B          0B          0B
Filesystem                    Size  Used Avail Use% Mounted on
/dev/mapper/ubuntu--vg-lv--0  778G  726G   13G  99% /home
SOLVE_CASE_COMPLETE solver=scs_gpu id=table5-m10000-n100000-r05 utc=2026-07-29T20:09:47Z
GPU_PREFLIGHT 4, GPU-7fe4e5c3-9503-89aa-3eea-36f0e5127410, NVIDIA H100 80GB HBM3, 0, 81081, 0
SOLVE_CASE_START solver=cuclarabel id=table5-m10000-n100000-r05 gpu=4 utc=2026-07-29T20:09:47Z
Precompiling packages...
    MathOptInterface Being precompiled by another process (pid: 2254177, pidfile: /tmp/pdcs_cuclarabel_depot/compiled/v1.12/MathOptInterface/tyub8_ZeWUM.ji.pidfile)
------------------------------------------------------------------
	       SCS v3.2.11 - Splitting Conic Solver
	(c) Brendan O'Donoghue, Stanford University, 2012
------------------------------------------------------------------
problem:  variables n: 210004, constraints m: 220005
cones: 	  z: primal zero / dual free vars: 10003
	  l: linear vars: 200000
	  q: soc vars: 10002, qsize: 1
settings: eps_abs: 1.0e-06, eps_rel: 1.0e-06, eps_infeas: 1.0e-07
	  alpha: 1.50, scale: 1.00e-01, adaptive_scale: 1
	  max_iters: 100000, normalize: 1, rho_x: 1.00e-06
	  acceleration_lookback: 10, acceleration_interval: 10
	  time_limit_secs: 6.00e+02
	  compiled with openmp parallelization enabled
lin-sys:  sparse-indirect GPU
	  nnz(A): 420381, nnz(P): 0
------------------------------------------------------------------
 iter | pri res | dua res |   gap   |   obj   |  scale  | time (s)
------------------------------------------------------------------
     0| 2.83e+01  2.00e+00  3.79e+03 -1.90e+03  1.00e-01  3.06e+01 
   250| 3.40e-04  4.83e-05  7.96e-04  1.68e-01  3.25e-01  5.72e+02 
   275| 1.67e-04  4.81e-05  5.42e-04  1.68e-01  3.25e-01  6.37e+02 
------------------------------------------------------------------
status:  solved (inaccurate - reached time_limit_secs)
timings: total: 6.37e+02s = setup: 9.00e-01s + solve: 6.36e+02s
	 lin-sys: 5.78e+02s, cones: 4.06e-01s, accel: 3.29e-01s
------------------------------------------------------------------
objective = 0.168103 (inaccurate)
------------------------------------------------------------------
------------------------------------------------------------------
	       SCS v3.2.11 - Splitting Conic Solver
	(c) Brendan O'Donoghue, Stanford University, 2012
------------------------------------------------------------------
problem:  variables n: 210004, constraints m: 220005
cones: 	  z: primal zero / dual free vars: 10003
	  l: linear vars: 200000
	  q: soc vars: 10002, qsize: 1
settings: eps_abs: 1.0e-06, eps_rel: 1.0e-06, eps_infeas: 1.0e-07
	  alpha: 1.50, scale: 1.00e-01, adaptive_scale: 1
	  max_iters: 100000, normalize: 1, rho_x: 1.00e-06
	  acceleration_lookback: 10, acceleration_interval: 10
	  time_limit_secs: 6.00e+02
	  compiled with openmp parallelization enabled
lin-sys:  sparse-indirect GPU
	  nnz(A): 419985, nnz(P): 0
------------------------------------------------------------------
 iter | pri res | dua res |   gap   |   obj   |  scale  | time (s)
------------------------------------------------------------------
     0| 2.83e+01  2.00e+00  3.04e+03 -1.52e+03  1.00e-01  3.23e+01 
   250| 5.40e-04  1.25e-04  2.05e-03  1.61e-01  3.30e-01  6.37e+02 
------------------------------------------------------------------
status:  solved (inaccurate - reached time_limit_secs)
timings: total: 6.37e+02s = setup: 1.66e+00s + solve: 6.36e+02s
	 lin-sys: 5.76e+02s, cones: 3.61e-01s, accel: 2.72e-01s
------------------------------------------------------------------
objective = 0.161136 (inaccurate)
------------------------------------------------------------------
TABLE5_SOLVE_RESULT solver=scs_gpu instance=table5-m10000-n100000-r04 termination=TIME_LIMIT primal_status=FEASIBLE_POINT iterations=275 objective=0.16783191836446898 optimize_wall_seconds=640.0369820594788
TABLE5_SOLVE_FINISH solver=scs_gpu instance=table5-m10000-n100000-r04 status=completed result=/home/zhenwei/PDCS_fork/benchmark/large_scale_lasso/table5_solver_results/scs_gpu/table5-m10000-n100000-r04/attempt_20260729T195705Z_gpu3/result.toml
RESOURCE_SNAPSHOT label=solve_scs_gpu_table5-m10000-n100000-r04 utc=2026-07-29T20:09:55Z
               total        used        free      shared  buff/cache   available
Mem:           2.0Ti        78Gi       465Gi        59Mi       1.4Ti       1.9Ti
Swap:             0B          0B          0B
Filesystem                    Size  Used Avail Use% Mounted on
/dev/mapper/ubuntu--vg-lv--0  778G  726G   13G  99% /home
SOLVE_CASE_COMPLETE solver=scs_gpu id=table5-m10000-n100000-r04 utc=2026-07-29T20:09:55Z
GPU_PREFLIGHT 3, GPU-22f89f46-9219-a475-fe40-bba785517158, NVIDIA H100 80GB HBM3, 0, 81081, 1
SOLVE_CASE_START solver=cuclarabel id=table5-m10000-n100000-r04 gpu=3 utc=2026-07-29T20:09:56Z
TABLE5_SOLVE_RESULT solver=scs_gpu instance=table5-m10000-n100000-r03 termination=TIME_LIMIT primal_status=FEASIBLE_POINT iterations=250 objective=0.16010979587736618 optimize_wall_seconds=640.395514011383
TABLE5_SOLVE_FINISH solver=scs_gpu instance=table5-m10000-n100000-r03 status=completed result=/home/zhenwei/PDCS_fork/benchmark/large_scale_lasso/table5_solver_results/scs_gpu/table5-m10000-n100000-r03/attempt_20260729T195705Z_gpu2/result.toml
Precompiling packages...
    MathOptInterface Being precompiled by another process (pid: 2254177, pidfile: /tmp/pdcs_cuclarabel_depot/compiled/v1.12/MathOptInterface/tyub8_ZeWUM.ji.pidfile)
RESOURCE_SNAPSHOT label=solve_scs_gpu_table5-m10000-n100000-r03 utc=2026-07-29T20:09:56Z
               total        used        free      shared  buff/cache   available
Mem:           2.0Ti        77Gi       466Gi        50Mi       1.4Ti       1.9Ti
Swap:             0B          0B          0B
Filesystem                    Size  Used Avail Use% Mounted on
/dev/mapper/ubuntu--vg-lv--0  778G  726G   13G  99% /home
SOLVE_CASE_COMPLETE solver=scs_gpu id=table5-m10000-n100000-r03 utc=2026-07-29T20:09:56Z
GPU_PREFLIGHT 2, GPU-28d7051d-27e3-48ab-6616-6771b0a9e050, NVIDIA H100 80GB HBM3, 0, 81081, 1
SOLVE_CASE_START solver=cuclarabel id=table5-m10000-n100000-r03 gpu=2 utc=2026-07-29T20:09:56Z
Precompiling packages...
    MathOptInterface Being precompiled by another process (pid: 2254177, pidfile: /tmp/pdcs_cuclarabel_depot/compiled/v1.12/MathOptInterface/tyub8_ZeWUM.ji.pidfile)
  30864.7 ms  ✓ MathOptInterface
  16087.2 ms  ✓ MathOptInterface
    JuMP Being precompiled by another process (pid: 2254177, pidfile: /tmp/pdcs_cuclarabel_depot/compiled/v1.12/JuMP/DmXqY_ZeWUM.ji.pidfile)
  24674.8 ms  ✓ MathOptInterface
    JuMP Being precompiled by another process (pid: 2254177, pidfile: /tmp/pdcs_cuclarabel_depot/compiled/v1.12/JuMP/DmXqY_ZeWUM.ji.pidfile)
  15379.2 ms  ✓ MathOptInterface
    JuMP Being precompiled by another process (pid: 2254177, pidfile: /tmp/pdcs_cuclarabel_depot/compiled/v1.12/JuMP/DmXqY_ZeWUM.ji.pidfile)
  21942.1 ms  ✓ JuMP
  5 dependencies successfully precompiled in 58 seconds. 39 already precompiled.
  21771.4 ms  ✓ JuMP
  2 dependencies successfully precompiled in 37 seconds. 42 already precompiled.
  21971.5 ms  ✓ JuMP
  2 dependencies successfully precompiled in 47 seconds. 42 already precompiled.
  22172.4 ms  ✓ JuMP
  2 dependencies successfully precompiled in 38 seconds. 42 already precompiled.
Precompiling Precompiling packages...
packages...Precompiling
 packages...
    ExprTools     Being precompiled by another process (pid: 2254670, pidfile: /tmp/pdcs_cuclarabel_depot/compiled/v1.12/ExprTools/eM8wu_ZeWUM.ji.pidfile)
    LLVMExtra_jll Being precompiled by another process (pid: 2254670, pidfile: /tmp/pdcs_cuclarabel_depot/compiled/v1.12/LLVMExtra_jll/R9OeX_ZeWUM.ji.pidfile)
    StringManipulation Being precompiled by another process (pid: 2254670, pidfile: /tmp/pdcs_cuclarabel_depot/compiled/v1.12/StringManipulation/4nJQd_ZeWUM.ji.pidfile)
    CUDA_Runtime_jll Being precompiled by another process (pid: 2254670, pidfile: /tmp/pdcs_cuclarabel_depot/compiled/v1.12/CUDA_Runtime_jll/Hs50y_ZeWUM.ji.pidfile)
ExprTools Being precompiled by another process (pid: 2254670, pidfile: /tmp/pdcs_cuclarabel_depot/compiled/v1.12/ExprTools/eM8wu_ZeWUM.ji.pidfile)
    LLVMExtra_jll Being precompiled by another process (pid: 2254670, pidfile: /tmp/pdcs_cuclarabel_depot/compiled/v1.12/LLVMExtra_jll/R9OeX_ZeWUM.ji.pidfile)
    StringManipulation Being precompiled by another process (pid: 2254670, pidfile: /tmp/pdcs_cuclarabel_depot/compiled/v1.12/StringManipulation/4nJQd_ZeWUM.ji.pidfile)
    CUDA_Runtime_jll Being precompiled by another process (pid: 2254670, pidfile: /tmp/pdcs_cuclarabel_depot/compiled/v1.12/CUDA_Runtime_jll/Hs50y_ZeWUM.ji.pidfile)
Precompiling packages...
    ExprTools Being precompiled by another process (pid: 2254670, pidfile: /tmp/pdcs_cuclarabel_depot/compiled/v1.12/ExprTools/eM8wu_ZeWUM.ji.pidfile)
    LLVMExtra_jll Being precompiled by another process (pid: 2254670, pidfile: /tmp/pdcs_cuclarabel_depot/compiled/v1.12/LLVMExtra_jll/R9OeX_ZeWUM.ji.pidfile)
    StringManipulation Being precompiled by another process (pid: 2254670, pidfile: /tmp/pdcs_cuclarabel_depot/compiled/v1.12/StringManipulation/4nJQd_ZeWUM.ji.pidfile)
    CUDA_Runtime_jll Being precompiled by another process (pid: 2254670, pidfile: /tmp/pdcs_cuclarabel_depot/compiled/v1.12/CUDA_Runtime_jll/Hs50y_ZeWUM.ji.pidfile)
    658.1 ms  ✓ ExprTools
    332.8 ms  ✓ ExprTools
    Tracy Being precompiled by another process (pid: 2254670, pidfile: /tmp/pdcs_cuclarabel_depot/compiled/v1.12/Tracy/QvZG9_ZeWUM.ji.pidfile)
    599.2 ms  ✓ ExprTools
    Tracy Being precompiled by another process (pid: 2254670, pidfile: /tmp/pdcs_cuclarabel_depot/compiled/v1.12/Tracy/QvZG9_ZeWUM.ji.pidfile)
    634.0 ms  ✓ ExprTools
    Tracy Being precompiled by another process (pid: 2254670, pidfile: /tmp/pdcs_cuclarabel_depot/compiled/v1.12/Tracy/QvZG9_ZeWUM.ji.pidfile)
   1015.0 ms  ✓ Tracy
   1016.2 ms  ✓ Tracy
    996.2 ms  ✓ Tracy
   1019.5 ms  ✓ Tracy
   1705.3 ms  ✓ LLVMExtra_jll
   1459.2 ms  ✓ LLVMExtra_jll
    LLVM Being precompiled by another process (pid: 2254670, pidfile: /tmp/pdcs_cuclarabel_depot/compiled/v1.12/LLVM/e8NBy_ZeWUM.ji.pidfile)
   1632.5 ms  ✓ LLVMExtra_jll
    LLVM Being precompiled by another process (pid: 2254670, pidfile: /tmp/pdcs_cuclarabel_depot/compiled/v1.12/LLVM/e8NBy_ZeWUM.ji.pidfile)
   1807.9 ms  ✓ LLVMExtra_jll
    LLVM Being precompiled by another process (pid: 2254670, pidfile: /tmp/pdcs_cuclarabel_depot/compiled/v1.12/LLVM/e8NBy_ZeWUM.ji.pidfile)
   3405.3 ms  ✓ StringManipulation
   3106.4 ms  ✓ StringManipulation
   3244.5 ms  ✓ StringManipulation
   3376.5 ms  ✓ StringManipulation
    PrettyTables Being precompiled by another process (pid: 2255591, pidfile: /tmp/pdcs_cuclarabel_depot/compiled/v1.12/PrettyTables/kRdcL_ZeWUM.ji.pidfile)
    PrettyTables Being precompiled by another process (pid: 2255591, pidfile: /tmp/pdcs_cuclarabel_depot/compiled/v1.12/PrettyTables/kRdcL_ZeWUM.ji.pidfile)
    PrettyTables Being precompiled by another process (pid: 2255591, pidfile: /tmp/pdcs_cuclarabel_depot/compiled/v1.12/PrettyTables/kRdcL_ZeWUM.ji.pidfile)
    PrettyTables Being precompiled by another process (pid: 2255591, pidfile: /tmp/pdcs_cuclarabel_depot/compiled/v1.12/PrettyTables/kRdcL_ZeWUM.ji.pidfile)
   4103.6 ms  ✓ CUDA_Runtime_jll
   3947.9 ms  ✓ CUDA_Runtime_jll
    CUDA_Compiler_jll Being precompiled by another process (pid: 2254670, pidfile: /tmp/pdcs_cuclarabel_depot/compiled/v1.12/CUDA_Compiler_jll/ljFRe_ZeWUM.ji.pidfile)
   4170.9 ms  ✓ CUDA_Runtime_jll
    CUDA_Compiler_jll Being precompiled by another process (pid: 2254670, pidfile: /tmp/pdcs_cuclarabel_depot/compiled/v1.12/CUDA_Compiler_jll/ljFRe_ZeWUM.ji.pidfile)
   4387.5 ms  ✓ CUDA_Runtime_jll
    CUDA_Compiler_jll Being precompiled by another process (pid: 2254670, pidfile: /tmp/pdcs_cuclarabel_depot/compiled/v1.12/CUDA_Compiler_jll/ljFRe_ZeWUM.ji.pidfile)
   2677.4 ms  ✓ CUDA_Compiler_jll
   2591.7 ms  ✓ CUDA_Compiler_jll
   2769.3 ms  ✓ CUDA_Compiler_jll
   2684.1 ms  ✓ CUDA_Compiler_jll
   7986.0 ms  ✓ LLVM
   7975.5 ms  ✓ LLVM
    GPUToolbox Being precompiled by another process (pid: 2254670, pidfile: /tmp/pdcs_cuclarabel_depot/compiled/v1.12/GPUToolbox/VNkSP_ZeWUM.ji.pidfile)
    LLVM → BFloat16sExt Being precompiled by another process (pid: 2254670, pidfile: /tmp/pdcs_cuclarabel_depot/compiled/v1.12/BFloat16sExt/B6KwG_ZeWUM.ji.pidfile)
    UnsafeAtomics → UnsafeAtomicsLLVM Being precompiled by another process (pid: 2254670, pidfile: /tmp/pdcs_cuclarabel_depot/compiled/v1.12/UnsafeAtomicsLLVM/yk2PZ_ZeWUM.ji.pidfile)
    GPUCompiler Being precompiled by another process (pid: 2254670, pidfile: /tmp/pdcs_cuclarabel_depot/compiled/v1.12/GPUCompiler/yPwef_ZeWUM.ji.pidfile)
   8030.9 ms  ✓ LLVM
    GPUToolbox Being precompiled by another process (pid: 2254670, pidfile: /tmp/pdcs_cuclarabel_depot/compiled/v1.12/GPUToolbox/VNkSP_ZeWUM.ji.pidfile)
    LLVM → BFloat16sExt Being precompiled by another process (pid: 2254670, pidfile: /tmp/pdcs_cuclarabel_depot/compiled/v1.12/BFloat16sExt/B6KwG_ZeWUM.ji.pidfile)
    UnsafeAtomics → UnsafeAtomicsLLVM Being precompiled by another process (pid: 2254670, pidfile: /tmp/pdcs_cuclarabel_depot/compiled/v1.12/UnsafeAtomicsLLVM/yk2PZ_ZeWUM.ji.pidfile)
    GPUCompiler Being precompiled by another process (pid: 2254670, pidfile: /tmp/pdcs_cuclarabel_depot/compiled/v1.12/GPUCompiler/yPwef_ZeWUM.ji.pidfile)
   8043.5 ms  ✓ LLVM
    GPUToolbox Being precompiled by another process (pid: 2254670, pidfile: /tmp/pdcs_cuclarabel_depot/compiled/v1.12/GPUToolbox/VNkSP_ZeWUM.ji.pidfile)
    LLVM → BFloat16sExt Being precompiled by another process (pid: 2254670, pidfile: /tmp/pdcs_cuclarabel_depot/compiled/v1.12/BFloat16sExt/B6KwG_ZeWUM.ji.pidfile)
    UnsafeAtomics → UnsafeAtomicsLLVM Being precompiled by another process (pid: 2254670, pidfile: /tmp/pdcs_cuclarabel_depot/compiled/v1.12/UnsafeAtomicsLLVM/yk2PZ_ZeWUM.ji.pidfile)
    GPUCompiler Being precompiled by another process (pid: 2254670, pidfile: /tmp/pdcs_cuclarabel_depot/compiled/v1.12/GPUCompiler/yPwef_ZeWUM.ji.pidfile)
   1178.6 ms  ✓ GPUToolbox
   1105.4 ms  ✓ GPUToolbox
   1239.4 ms  ✓ LLVM → BFloat16sExt
   1129.6 ms  ✓ GPUToolbox
   1252.3 ms  ✓ LLVM → BFloat16sExt
   1333.2 ms  ✓ GPUToolbox
   1129.3 ms  ✓ LLVM → BFloat16sExt
   1267.7 ms  ✓ LLVM → BFloat16sExt
   2226.4 ms  ✓ UnsafeAtomics → UnsafeAtomicsLLVM
   2133.7 ms  ✓ UnsafeAtomics → UnsafeAtomicsLLVM
    GPUArrays Being precompiled by another process (pid: 2254670, pidfile: /tmp/pdcs_cuclarabel_depot/compiled/v1.12/GPUArrays/v5u0T_ZeWUM.ji.pidfile)
   2328.9 ms  ✓ UnsafeAtomics → UnsafeAtomicsLLVM
    GPUArrays Being precompiled by another process (pid: 2254670, pidfile: /tmp/pdcs_cuclarabel_depot/compiled/v1.12/GPUArrays/v5u0T_ZeWUM.ji.pidfile)
   2294.4 ms  ✓ UnsafeAtomics → UnsafeAtomicsLLVM
    GPUArrays Being precompiled by another process (pid: 2254670, pidfile: /tmp/pdcs_cuclarabel_depot/compiled/v1.12/GPUArrays/v5u0T_ZeWUM.ji.pidfile)
   4977.5 ms  ✓ GPUArrays
   5009.0 ms  ✓ GPUArrays
   5125.4 ms  ✓ GPUArrays
   4873.3 ms  ✓ GPUArrays
  16921.9 ms  ✓ PrettyTables
  16953.1 ms  ✓ PrettyTables
  16979.3 ms  ✓ PrettyTables
  17017.3 ms  ✓ PrettyTables
  24354.0 ms  ✓ GPUCompiler
  24482.8 ms  ✓ GPUCompiler
    CUDA Being precompiled by another process (pid: 2254670, pidfile: /tmp/pdcs_cuclarabel_depot/compiled/v1.12/CUDA/oWw5k_ZeWUM.ji.pidfile)
  24463.2 ms  ✓ GPUCompiler
    CUDA Being precompiled by another process (pid: 2254670, pidfile: /tmp/pdcs_cuclarabel_depot/compiled/v1.12/CUDA/oWw5k_ZeWUM.ji.pidfile)
  24466.7 ms  ✓ GPUCompiler
    CUDA Being precompiled by another process (pid: 2254670, pidfile: /tmp/pdcs_cuclarabel_depot/compiled/v1.12/CUDA/oWw5k_ZeWUM.ji.pidfile)
  37391.6 ms  ✓ CUDA
  37354.8 ms  ✓ CUDA
    Atomix → AtomixCUDAExt Being precompiled by another process (pid: 2254177, pidfile: /tmp/pdcs_cuclarabel_depot/compiled/v1.12/AtomixCUDAExt/B0Tg4_ZeWUM.ji.pidfile)
  37978.2 ms  ✓ CUDA
    Atomix → AtomixCUDAExt Being precompiled by another process (pid: 2254177, pidfile: /tmp/pdcs_cuclarabel_depot/compiled/v1.12/AtomixCUDAExt/B0Tg4_ZeWUM.ji.pidfile)
  38414.2 ms  ✓ CUDA
    Atomix → AtomixCUDAExt Being precompiled by another process (pid: 2254177, pidfile: /tmp/pdcs_cuclarabel_depot/compiled/v1.12/AtomixCUDAExt/B0Tg4_ZeWUM.ji.pidfile)
   6826.9 ms  ✓ Atomix → AtomixCUDAExt
  15 dependencies successfully precompiled in 79 seconds. 77 already precompiled.
   5846.2 ms  ✓ Atomix → AtomixCUDAExt
  15 dependencies successfully precompiled in 79 seconds. 77 already precompiled.
   6716.8 ms  ✓ Atomix → AtomixCUDAExt
  15 dependencies successfully precompiled in 79 seconds. 77 already precompiled.
   7401.5 ms  ✓ Atomix → AtomixCUDAExt
  15 dependencies successfully precompiled in 79 seconds. 77 already precompiled.
Precompiling packages...
    923.2 ms  ✓ ForwardDiff → ForwardDiffStaticArraysExt
  1 dependency successfully precompiled in 1 seconds. 22 already precompiled.
Precompiling packages...
Precompiling packages...
    CUDA → SpecialFunctionsExt Being precompiled by another process (pid: 2254177, pidfile: /tmp/pdcs_cuclarabel_depot/compiled/v1.12/SpecialFunctionsExt/9h4VD_ZeWUM.ji.pidfile)
Precompiling packages...
    CUDA → SpecialFunctionsExt Being precompiled by another process (pid: 2254177, pidfile: /tmp/pdcs_cuclarabel_depot/compiled/v1.12/SpecialFunctionsExt/9h4VD_ZeWUM.ji.pidfile)
Precompiling packages...
    CUDA → SpecialFunctionsExt Being precompiled by another process (pid: 2254177, pidfile: /tmp/pdcs_cuclarabel_depot/compiled/v1.12/SpecialFunctionsExt/9h4VD_ZeWUM.ji.pidfile)
   6609.7 ms  ✓ CUDA → SpecialFunctionsExt
  1 dependency successfully precompiled in 7 seconds. 98 already precompiled.
   3800.3 ms  ✓ CUDA → SpecialFunctionsExt
  1 dependency successfully precompiled in 4 seconds. 98 already precompiled.
   3312.9 ms  ✓ CUDA → SpecialFunctionsExt
  1 dependency successfully precompiled in 4 seconds. 98 already precompiled.
   5786.5 ms  ✓ CUDA → SpecialFunctionsExt
  1 dependency successfully precompiled in 6 seconds. 98 already precompiled.
PrecompilingPrecompilingPrecompiling  packages...packages... packages...


        Precompiling TimerOutputspackages... Being precompiled by another process (pid: 2254457, pidfile: /tmp/pdcs_cuclarabel_depot/compiled/v1.12/TimerOutputs/hd2yD_ZeWUM.ji.pidfile)

TimerOutputs Being precompiled by another process (pid: 2254457, pidfile: /tmp/pdcs_cuclarabel_depot/compiled/v1.12/TimerOutputs/hd2yD_ZeWUM.ji.pidfile)
        DataStructures Being precompiled by another process (pid: 2254457, pidfile: /tmp/pdcs_cuclarabel_depot/compiled/v1.12/DataStructures/xKiwJ_ZeWUM.ji.pidfile)
    CUDSS_jll Being precompiled by another process (pid: 2254457, pidfile: /tmp/pdcs_cuclarabel_depot/compiled/v1.12/CUDSS_jll/zjbKf_ZeWUM.ji.pidfile)
TimerOutputs Being precompiled by another process (pid: 2254457, pidfile: /tmp/pdcs_cuclarabel_depot/compiled/v1.12/TimerOutputs/hd2yD_ZeWUM.ji.pidfile)
    DataStructures Being precompiled by another process (pid: 2254457, pidfile: /tmp/pdcs_cuclarabel_depot/compiled/v1.12/DataStructures/xKiwJ_ZeWUM.ji.pidfile)
    CUDSS_jll Being precompiled by another process (pid: 2254457, pidfile: /tmp/pdcs_cuclarabel_depot/compiled/v1.12/CUDSS_jll/zjbKf_ZeWUM.ji.pidfile)
    DataStructures Being precompiled by another process (pid: 2254457, pidfile: /tmp/pdcs_cuclarabel_depot/compiled/v1.12/DataStructures/xKiwJ_ZeWUM.ji.pidfile)
    CUDSS_jll Being precompiled by another process (pid: 2254457, pidfile: /tmp/pdcs_cuclarabel_depot/compiled/v1.12/CUDSS_jll/zjbKf_ZeWUM.ji.pidfile)
   1758.3 ms  ✓ DataStructures
   1586.4 ms  ✓ DataStructures
   1650.1 ms  ✓ DataStructures
   1672.6 ms  ✓ DataStructures
   2879.7 ms  ✓ CUDSS_jll
   2810.5 ms  ✓ CUDSS_jll
    CUDSS Being precompiled by another process (pid: 2254457, pidfile: /tmp/pdcs_cuclarabel_depot/compiled/v1.12/CUDSS/zEqeZ_ZeWUM.ji.pidfile)
   2793.6 ms  ✓ CUDSS_jll
    CUDSS Being precompiled by another process (pid: 2254457, pidfile: /tmp/pdcs_cuclarabel_depot/compiled/v1.12/CUDSS/zEqeZ_ZeWUM.ji.pidfile)
   2738.0 ms  ✓ CUDSS_jll
    CUDSS Being precompiled by another process (pid: 2254457, pidfile: /tmp/pdcs_cuclarabel_depot/compiled/v1.12/CUDSS/zEqeZ_ZeWUM.ji.pidfile)
   3798.3 ms  ✓ TimerOutputs
   3723.4 ms  ✓ TimerOutputs
   3803.6 ms  ✓ TimerOutputs
   3797.5 ms  ✓ TimerOutputs
   6389.2 ms  ✓ CUDSS
   6391.9 ms  ✓ CUDSS
    Clarabel Being precompiled by another process (pid: 2254457, pidfile: /tmp/pdcs_cuclarabel_depot/compiled/v1.12/Clarabel/g676L_ZeWUM.ji.pidfile)
   6395.8 ms  ✓ CUDSS
    Clarabel Being precompiled by another process (pid: 2254457, pidfile: /tmp/pdcs_cuclarabel_depot/compiled/v1.12/Clarabel/g676L_ZeWUM.ji.pidfile)
   6399.9 ms  ✓ CUDSS
    Clarabel Being precompiled by another process (pid: 2254457, pidfile: /tmp/pdcs_cuclarabel_depot/compiled/v1.12/Clarabel/g676L_ZeWUM.ji.pidfile)
Info Given Clarabel was explicitly requested, output will be shown live [0K
[0KWARNING: Imported binding CUSPARSE.CuSparseDeviceMatrixCSR was undeclared at import time during import to Clarabel.
  76827.5 ms  ✓ Clarabel
  5 dependencies successfully precompiled in 86 seconds. 123 already precompiled.
  1 dependency had output during precompilation:
┌ Clarabel
│  [Output was shown above]
└  
  76876.4 ms  ✓ Clarabel
  5 dependencies successfully precompiled in 86 seconds. 123 already precompiled.
  77046.6 ms  ✓ Clarabel
  5 dependencies successfully precompiled in 86 seconds. 123 already precompiled.
  77122.6 ms  ✓ Clarabel
  5 dependencies successfully precompiled in 87 seconds. 123 already precompiled.
TABLE5_SOLVE_START solver=cuclarabel instance=table5-m10000-n100000-r04 m=10000 n=100000 density=0.0001 seed=8539239721064585772 tolerance=1.0e-6 time_limit=600.0
TABLE5_SOLVE_START solver=cuclarabel instance=table5-m10000-n100000-r05 m=10000 n=100000 density=0.0001 seed=2682075302358372869 tolerance=1.0e-6 time_limit=600.0
TABLE5_SOLVE_START solver=cuclarabel instance=table5-m10000-n100000-r02 m=10000 n=100000 density=0.0001 seed=3774683599633055197 tolerance=1.0e-6 time_limit=600.0
TABLE5_SOLVE_START solver=cuclarabel instance=table5-m10000-n100000-r03 m=10000 n=100000 density=0.0001 seed=7352328007339572649 tolerance=1.0e-6 time_limit=600.0
TABLE5_INSTANCE_READY instance=table5-m10000-n100000-r05 nnz=99930 lambda=0.02972194382049677 numerical_digest=7fcf8bf61bf1ec94c4bc155be1a0ece373ce22dcfdf84b418db388e17ec84e6a model_digest=1c45922acd010d12d4fbe0c0baf8727b08492713b85edb9ac0fa125d394ca5d6 generation_seconds=1.435521125793457
TABLE5_INSTANCE_READY instance=table5-m10000-n100000-r04 nnz=100186 lambda=0.030464354934446564 numerical_digest=c908b5684763cfe8179a62cd603cb013a15a9115fff037027212c05c04349add model_digest=d842ad0b6f78b8bf29632a1ed5c157a0bfd0440bcee131e637e3065cf5d6fafb generation_seconds=1.4749999046325684
TABLE5_INSTANCE_READY instance=table5-m10000-n100000-r03 nnz=99988 lambda=0.027201017342407076 numerical_digest=321f8cd91391a75d2bc191369ca8e5c9c76a8849e1494fc63dfb1e0f7dbda3c7 model_digest=ea96e34d082b0d29a060eae7abb137276dc34e521d8814d76782ea126e1e58c4 generation_seconds=1.3370299339294434
TABLE5_INSTANCE_READY instance=table5-m10000-n100000-r02 nnz=99628 lambda=0.034404785455175536 numerical_digest=2032fe65821f3ae162f8b40f9dcc78171f721f703d96ec6b9fb9cc822d8f126c model_digest=feb25d4b21bf57da12497740dd708d831bc20ccea036fc324fa1ec604d67567c generation_seconds=1.4569001197814941
-------------------------------------------------------------
           Clarabel.jl v0.11.0  -  Clever Acronym              

                   (c) Paul Goulart                          
                University of Oxford, 2022                   
-------------------------------------------------------------

problem:
  variables     = 210004
  constraints   = 220005
-------------------------------------------------------------
           Clarabel.jl v0.11.0  -  Clever Acronym              

                   (c) Paul Goulart                          
                University of Oxford, 2022                   
-------------------------------------------------------------
  nnz(P)        = 0
  nnz(A)        = 420381
  cones (total) = 3
    : Zero        = 1,  numel = 10003
    : Nonnegative = 1,  numel = 200000
    : SecondOrder = 1,  numel = 10002

settings:
  linear algebra: direct / cudss, precision: 64 bit 
  max iter = 200, time limit = 600.000000,  max step = 0.990
  tol_feas = 1.0e-06, tol_gap_abs = 1.0e-06, tol_gap_rel = 1.0e-06,
  static reg : on, ϵ1 = 1.0e-08, ϵ2 = 4.9e-32
  dynamic reg: on, ϵ = 1.0e-13, δ = 2.0e-07
  iter refine: on, reltol = 1.0e-12, abstol = 1.0e-12, 
               max iter = 10, stop ratio = 5.0
  equilibrate: on, min_scale = 1.0e-04, max_scale = 1.0e+04
               max iter = 10

iter    pcost        dcost       gap       pres      dres      k/t        μ       step      
---------------------------------------------------------------------------------------------

problem:
  variables     = 210004
  constraints   = 220005
  nnz(P)        = 0
  nnz(A)        = 419985
  cones (total) = 3
    : Zero        = 1,  numel = 10003
    : Nonnegative = 1,  numel = 200000
    : SecondOrder = 1,  numel = 10002

settings:
  linear algebra: direct / cudss, precision: 64 bit 
  max iter = 200, time limit = 600.000000,  max step = 0.990
  tol_feas = 1.0e-06, tol_gap_abs = 1.0e-06, tol_gap_rel = 1.0e-06,
  static reg : on, ϵ1 = 1.0e-08, ϵ2 = 4.9e-32
  dynamic reg: on, ϵ = 1.0e-13, δ = 2.0e-07
  iter refine: on, reltol = 1.0e-12, abstol = 1.0e-12, 
               max iter = 10, stop ratio = 5.0
  equilibrate: on, min_scale = 1.0e-04, max_scale = 1.0e+04
               max iter = 10

iter    pcost        dcost       gap       pres      dres      k/t        μ       step      
---------------------------------------------------------------------------------------------
-------------------------------------------------------------
           Clarabel.jl v0.11.0  -  Clever Acronym              

                   (c) Paul Goulart                          
                University of Oxford, 2022                   
-------------------------------------------------------------

problem:
  variables     = 210004
  constraints   = 220005
  nnz(P)        = 0
  nnz(A)        = 419265
  cones (total) = 3
    : Zero        = 1,  numel = 10003
    : Nonnegative = 1,  numel = 200000
    : SecondOrder = 1,  numel = 10002

settings:
  linear algebra: direct / cudss, precision: 64 bit 
  max iter = 200, time limit = 600.000000,  max step = 0.990
  tol_feas = 1.0e-06, tol_gap_abs = 1.0e-06, tol_gap_rel = 1.0e-06,
  static reg : on, ϵ1 = 1.0e-08, ϵ2 = 4.9e-32
  dynamic reg: on, ϵ = 1.0e-13, δ = 2.0e-07
  iter refine: on, reltol = 1.0e-12, abstol = 1.0e-12, 
               max iter = 10, stop ratio = 5.0
  equilibrate: on, min_scale = 1.0e-04, max_scale = 1.0e+04
               max iter = 10

iter    pcost        dcost       gap       pres      dres      k/t        μ       step      
---------------------------------------------------------------------------------------------
-------------------------------------------------------------
           Clarabel.jl v0.11.0  -  Clever Acronym              

                   (c) Paul Goulart                          
                University of Oxford, 2022                   
-------------------------------------------------------------

problem:
  variables     = 210004
  constraints   = 220005
  nnz(P)        = 0
  nnz(A)        = 419869
  cones (total) = 3
    : Zero        = 1,  numel = 10003
    : Nonnegative = 1,  numel = 200000
    : SecondOrder = 1,  numel = 10002

settings:
  linear algebra: direct / cudss, precision: 64 bit 
  max iter = 200, time limit = 600.000000,  max step = 0.990
  tol_feas = 1.0e-06, tol_gap_abs = 1.0e-06, tol_gap_rel = 1.0e-06,
  static reg : on, ϵ1 = 1.0e-08, ϵ2 = 4.9e-32
  dynamic reg: on, ϵ = 1.0e-13, δ = 2.0e-07
  iter refine: on, reltol = 1.0e-12, abstol = 1.0e-12, 
               max iter = 10, stop ratio = 5.0
  equilibrate: on, min_scale = 1.0e-04, max_scale = 1.0e+04
               max iter = 10

iter    pcost        dcost       gap       pres      dres      k/t        μ       step      
---------------------------------------------------------------------------------------------
  0  -5.4210e-19  -3.8106e-16  3.81e-16  9.95e-01  9.63e-01  1.00e+00  1.03e+00   ------   
  0  -1.7347e-18  -4.0532e-16  4.04e-16  9.95e-01  9.66e-01  1.00e+00  1.03e+00   ------   
  0  -4.3368e-19  -3.8259e-16  3.82e-16  9.95e-01  9.60e-01  1.00e+00  1.04e+00   ------   
  0  -4.3368e-19  -2.4874e-16  2.48e-16  9.95e-01  9.64e-01  1.00e+00  1.03e+00   ------   
  1  -8.4313e+00  -1.4123e+00  4.97e+00  9.62e-01  8.35e-01  7.24e+00  9.44e-01  9.90e-01  
  2  -5.8952e+01  -8.0527e+00  6.32e+00  2.53e-01  1.92e-01  5.09e+01  6.26e-01  9.90e-01  
  3  -4.5072e+00  -5.2147e-01  3.99e+00  2.13e-01  5.45e-02  3.99e+00  7.90e-02  8.77e-01  
  4  -2.4683e-01   9.3095e-02  3.40e-01  2.74e-02  5.50e-03  3.40e-01  7.52e-03  9.12e-01  
  5   4.9360e-02   1.4398e-01  9.46e-02  1.09e-02  2.19e-03  9.47e-02  3.00e-03  7.22e-01  
  6   1.2720e-01   1.5927e-01  3.21e-02  4.85e-03  9.75e-04  3.21e-02  1.34e-03  6.61e-01  
  7   1.5480e-01   1.6523e-01  1.04e-02  1.98e-03  3.98e-04  1.04e-02  5.48e-04  6.75e-01  
  8   1.6398e-01   1.6737e-01  3.39e-03  7.25e-04  1.46e-04  3.40e-03  2.01e-04  6.75e-01  
  9   1.6766e-01   1.6827e-01  6.15e-04  1.97e-04  3.96e-05  6.17e-04  5.46e-05  8.18e-01  
 10   1.6835e-01   1.6846e-01  1.04e-04  3.59e-05  7.23e-06  1.04e-04  9.96e-06  8.31e-01  
 11   1.6848e-01   1.6849e-01  1.13e-05  4.06e-06  8.17e-07  1.13e-05  1.12e-06  8.91e-01  
 12   1.6849e-01   1.6850e-01  9.33e-07  3.42e-07  6.88e-08  9.36e-07  9.48e-08  9.17e-01  
  1  -9.1658e+00  -1.5571e+00  4.89e+00  9.59e-01  8.39e-01  7.82e+00  9.50e-01  9.90e-01  
  2  -5.5194e+01  -7.6322e+00  6.23e+00  2.58e-01  1.96e-01  4.76e+01  6.86e-01  8.55e-01  
  3  -3.5913e+00  -4.0960e-01  3.18e+00  2.06e-01  5.33e-02  3.18e+00  7.81e-02  8.88e-01  
  4  -1.2942e-01   1.0489e-01  2.34e-01  2.11e-02  4.61e-03  2.34e-01  6.44e-03  9.24e-01  
---------------------------------------------------------------------------------------------
Terminated with status = solved
total time =  56.0s (setup time =  19.9s, solve time =  22.2s)
  5   3.6444e-02   1.3611e-01  9.97e-02  1.00e-02  2.19e-03  9.98e-02  3.07e-03  5.74e-01  
  6   1.1705e-01   1.5251e-01  3.55e-02  4.35e-03  9.52e-04  3.55e-02  1.34e-03  6.44e-01  
  7   1.4426e-01   1.5852e-01  1.43e-02  2.06e-03  4.51e-04  1.43e-02  6.34e-04  5.98e-01  
  8   1.5832e-01   1.6178e-01  3.46e-03  8.07e-04  1.76e-04  3.47e-03  2.48e-04  7.57e-01  
  9   1.6222e-01   1.6276e-01  5.43e-04  1.87e-04  4.07e-05  5.44e-04  5.74e-05  8.43e-01  
 10   1.6290e-01   1.6295e-01  5.09e-05  3.30e-05  7.20e-06  5.11e-05  1.02e-05  9.06e-01  
 11   1.6296e-01   1.6297e-01  5.01e-06  3.36e-06  7.34e-07  5.03e-06  1.04e-06  9.02e-01  
 12   1.6297e-01   1.6297e-01  3.60e-07  2.44e-07  5.33e-08  3.62e-07  7.52e-08  9.28e-01  
TABLE5_SOLVE_RESULT solver=cuclarabel instance=table5-m10000-n100000-r04 termination=OPTIMAL primal_status=FEASIBLE_POINT iterations=12 objective=0.16849485731976654 optimize_wall_seconds=64.25173282623291
TABLE5_SOLVE_FINISH solver=cuclarabel instance=table5-m10000-n100000-r04 status=completed result=/home/zhenwei/PDCS_fork/benchmark/large_scale_lasso/table5_solver_results/cuclarabel/table5-m10000-n100000-r04/attempt_20260729T195705Z_gpu3/result.toml
---------------------------------------------------------------------------------------------
Terminated with status = solved
total time =  57.1s (setup time =  19.6s, solve time =  22.7s)
  1  -7.6204e+00  -1.2536e+00  5.08e+00  9.64e-01  8.28e-01  6.59e+00  9.37e-01  9.90e-01  
  2  -5.7990e+01  -7.8169e+00  6.42e+00  3.11e-01  2.24e-01  5.02e+01  6.01e-01  9.90e-01  
  3  -5.3622e+00  -6.0317e-01  4.76e+00  2.41e-01  6.02e-02  4.76e+00  8.57e-02  8.70e-01  
  4  -2.6151e-01   9.1161e-02  3.53e-01  2.99e-02  5.46e-03  3.53e-01  7.31e-03  9.24e-01  
  5   5.5929e-02   1.4327e-01  8.73e-02  1.02e-02  1.86e-03  8.74e-02  2.50e-03  7.52e-01  
  6   1.3056e-01   1.5769e-01  2.71e-02  4.18e-03  7.67e-04  2.72e-02  1.03e-03  6.89e-01  
TABLE5_SOLVE_RESULT solver=cuclarabel instance=table5-m10000-n100000-r03 termination=OPTIMAL primal_status=FEASIBLE_POINT iterations=12 objective=0.162970444419048 optimize_wall_seconds=65.2356390953064
RESOURCE_SNAPSHOT label=solve_cuclarabel_table5-m10000-n100000-r04 utc=2026-07-29T20:14:55Z
               total        used        free      shared  buff/cache   available
Mem:           2.0Ti        90Gi       453Gi       123Mi       1.4Ti       1.9Ti
Swap:             0B          0B          0B
Filesystem                    Size  Used Avail Use% Mounted on
/dev/mapper/ubuntu--vg-lv--0  778G  726G   13G  99% /home
SOLVE_CASE_COMPLETE solver=cuclarabel id=table5-m10000-n100000-r04 utc=2026-07-29T20:14:55Z
TABLE5_SOLVE_FINISH solver=cuclarabel instance=table5-m10000-n100000-r03 status=completed result=/home/zhenwei/PDCS_fork/benchmark/large_scale_lasso/table5_solver_results/cuclarabel/table5-m10000-n100000-r03/attempt_20260729T195705Z_gpu2/result.toml
GPU_PREFLIGHT 3, GPU-22f89f46-9219-a475-fe40-bba785517158, NVIDIA H100 80GB HBM3, 0, 81081, 0
SOLVE_CASE_START solver=cupdcs id=table5-m70000-n700000-r05 gpu=3 utc=2026-07-29T20:14:55Z
  7   1.5664e-01   1.6331e-01  6.68e-03  1.40e-03  2.57e-04  6.69e-03  3.46e-04  7.54e-01  
  8   1.6311e-01   1.6487e-01  1.76e-03  3.82e-04  7.01e-05  1.76e-03  9.45e-05  7.37e-01  
  9   1.6495e-01   1.6533e-01  3.84e-04  9.03e-05  1.66e-05  3.85e-04  2.23e-05  7.82e-01  
 10   1.6541e-01   1.6545e-01  4.19e-05  1.10e-05  2.02e-06  4.20e-05  2.73e-06  8.91e-01  
 11   1.6547e-01   1.6547e-01  3.45e-06  9.17e-07  1.68e-07  3.46e-06  2.27e-07  9.18e-01  
 12   1.6547e-01   1.6547e-01  1.32e-07  3.52e-08  6.46e-09  1.33e-07  8.70e-09  9.62e-01  
RESOURCE_SNAPSHOT label=solve_cuclarabel_table5-m10000-n100000-r03 utc=2026-07-29T20:14:56Z
               total        used        free      shared  buff/cache   available
Mem:           2.0Ti        88Gi       454Gi       103Mi       1.4Ti       1.9Ti
Swap:             0B          0B          0B
Filesystem                    Size  Used Avail Use% Mounted on
/dev/mapper/ubuntu--vg-lv--0  778G  726G   13G  99% /home
SOLVE_CASE_COMPLETE solver=cuclarabel id=table5-m10000-n100000-r03 utc=2026-07-29T20:14:56Z
GPU_PREFLIGHT 2, GPU-28d7051d-27e3-48ab-6616-6771b0a9e050, NVIDIA H100 80GB HBM3, 0, 81081, 3
SOLVE_CASE_START solver=cupdcs id=table5-m70000-n700000-r04 gpu=2 utc=2026-07-29T20:14:56Z
---------------------------------------------------------------------------------------------
Terminated with status = solved
total time =  58.8s (setup time =  20.6s, solve time =  23.3s)
TABLE5_SOLVE_RESULT solver=cuclarabel instance=table5-m10000-n100000-r02 termination=OPTIMAL primal_status=FEASIBLE_POINT iterations=12 objective=0.16547079722862637 optimize_wall_seconds=67.27182412147522
TABLE5_SOLVE_FINISH solver=cuclarabel instance=table5-m10000-n100000-r02 status=completed result=/home/zhenwei/PDCS_fork/benchmark/large_scale_lasso/table5_solver_results/cuclarabel/table5-m10000-n100000-r02/attempt_20260729T195705Z_gpu1/result.toml
RESOURCE_SNAPSHOT label=solve_cuclarabel_table5-m10000-n100000-r02 utc=2026-07-29T20:14:58Z
               total        used        free      shared  buff/cache   available
Mem:           2.0Ti        84Gi       458Gi        63Mi       1.4Ti       1.9Ti
Swap:             0B          0B          0B
Filesystem                    Size  Used Avail Use% Mounted on
/dev/mapper/ubuntu--vg-lv--0  778G  726G   13G  99% /home
SOLVE_CASE_COMPLETE solver=cuclarabel id=table5-m10000-n100000-r02 utc=2026-07-29T20:14:58Z
GPU_PREFLIGHT 1, GPU-1a06a313-b094-618b-9f24-8ccf7885ac5b, NVIDIA H100 80GB HBM3, 0, 81081, 0
SOLVE_CASE_START solver=cupdcs id=table5-m70000-n700000-r03 gpu=1 utc=2026-07-29T20:14:58Z
  1  -8.5948e+00  -1.4446e+00  4.95e+00  9.61e-01  8.36e-01  7.37e+00  9.46e-01  9.90e-01  
  2  -5.8051e+01  -7.9517e+00  6.30e+00  2.69e-01  2.03e-01  5.01e+01  6.53e-01  9.18e-01  
  3  -4.3968e+00  -5.0843e-01  3.89e+00  2.29e-01  5.91e-02  3.89e+00  8.58e-02  8.73e-01  
  4  -2.2419e-01   9.0930e-02  3.15e-01  2.79e-02  5.69e-03  3.15e-01  7.81e-03  9.16e-01  
  5   1.8107e-02   1.3332e-01  1.15e-01  1.18e-02  2.42e-03  1.15e-01  3.33e-03  6.34e-01  
  6   1.1570e-01   1.5214e-01  3.64e-02  4.44e-03  9.09e-04  3.65e-02  1.25e-03  6.83e-01  
  7   1.4976e-01   1.5935e-01  9.58e-03  1.78e-03  3.65e-04  9.60e-03  5.05e-04  7.37e-01  
  8   1.5951e-01   1.6163e-01  2.12e-03  6.34e-04  1.30e-04  2.13e-03  1.79e-04  7.78e-01  
  9   1.6179e-01   1.6222e-01  4.33e-04  1.43e-04  2.94e-05  4.34e-04  4.06e-05  7.96e-01  
 10   1.6230e-01   1.6236e-01  5.61e-05  2.03e-05  4.15e-06  5.62e-05  5.75e-06  8.70e-01  
 11   1.6237e-01   1.6238e-01  6.39e-06  2.33e-06  4.76e-07  6.41e-06  6.59e-07  8.86e-01  
 12   1.6238e-01   1.6238e-01  2.81e-07  1.04e-07  2.12e-08  2.82e-07  2.94e-08  9.56e-01  
---------------------------------------------------------------------------------------------
Terminated with status = solved
total time =  62.3s (setup time =  21.5s, solve time =  25.9s)
TABLE5_SOLVE_RESULT solver=cuclarabel instance=table5-m10000-n100000-r05 termination=OPTIMAL primal_status=FEASIBLE_POINT iterations=12 objective=0.16238257935720418 optimize_wall_seconds=71.35558080673218
TABLE5_SOLVE_FINISH solver=cuclarabel instance=table5-m10000-n100000-r05 status=completed result=/home/zhenwei/PDCS_fork/benchmark/large_scale_lasso/table5_solver_results/cuclarabel/table5-m10000-n100000-r05/attempt_20260729T195705Z_gpu4/result.toml
RESOURCE_SNAPSHOT label=solve_cuclarabel_table5-m10000-n100000-r05 utc=2026-07-29T20:15:03Z
               total        used        free      shared  buff/cache   available
Mem:           2.0Ti        83Gi       459Gi        42Mi       1.4Ti       1.9Ti
Swap:             0B          0B          0B
Filesystem                    Size  Used Avail Use% Mounted on
/dev/mapper/ubuntu--vg-lv--0  778G  726G   13G  99% /home
SOLVE_CASE_COMPLETE solver=cuclarabel id=table5-m10000-n100000-r05 utc=2026-07-29T20:15:03Z
GPU_PREFLIGHT 4, GPU-7fe4e5c3-9503-89aa-3eea-36f0e5127410, NVIDIA H100 80GB HBM3, 0, 81081, 0
SOLVE_CASE_START solver=cupdcs id=table5-m400000-n7000000-r01 gpu=4 utc=2026-07-29T20:15:03Z
┌ Info: CondaPkg: Waiting for lock to be freed. You may delete this file if no other process is resolving.
└   lock_file = "/home/zhenwei/PDCS_fork/.CondaPkg/lock"
    CondaPkg Found dependencies: /home/zhenwei/PDCS_fork/.julia-depot/packages/PythonCall/5WGSP/CondaPkg.toml
    CondaPkg Found dependencies: /home/zhenwei/PDCS_fork/.julia-depot/packages/CondaPkg/lKlVY/CondaPkg.toml
┌ Info: CondaPkg: Waiting for lock to be freed. You may delete this file if no other process is resolving.
└   lock_file = "/home/zhenwei/PDCS_fork/.CondaPkg/lock"
┌ Info: CondaPkg: Waiting for lock to be freed. You may delete this file if no other process is resolving.
└   lock_file = "/home/zhenwei/PDCS_fork/.CondaPkg/lock"
    CondaPkg Resolving changes
             ~ libstdcxx
             ~ libstdcxx-ng
             ~ openssl
             ~ python
    CondaPkg Initialising pixi
             │ /home/zhenwei/PDCS_fork/.julia-depot/artifacts/4ae17cee0bd922f66b2c72bf2f01c22481a5ec19/bin/pixi
             │ init
             │ --format pixi
             └ /home/zhenwei/PDCS_fork/.CondaPkg
✔ Created /home/zhenwei/PDCS_fork/.CondaPkg/pixi.toml
    CondaPkg Wrote /home/zhenwei/PDCS_fork/.CondaPkg/pixi.toml
             │ [dependencies]
             │ openssl = ">=3, <3.6"
             │ libstdcxx = ">=3.4,<15.0"
             │ libstdcxx-ng = ">=3.4,<15.0"
             │ 
             │     [dependencies.python]
             │     channel = "conda-forge"
             │     build = "*cp*"
             │     version = ">=3.10,!=3.14.0,!=3.14.1,<4"
             │ 
             │ [workspace]
             │ name = ".CondaPkg"
             │ platforms = ["linux-64"]
             │ channels = ["conda-forge"]
             │ channel-priority = "strict"
             └ description = "automatically generated by CondaPkg.jl"
    CondaPkg Installing packages
             │ /home/zhenwei/PDCS_fork/.julia-depot/artifacts/4ae17cee0bd922f66b2c72bf2f01c22481a5ec19/bin/pixi
             │ install
             └ --manifest-path /home/zhenwei/PDCS_fork/.CondaPkg/pixi.toml
✔ The default environment has been installed.
TABLE5_SOLVE_START solver=cupdcs instance=table5-m70000-n700000-r04 m=70000 n=700000 density=0.0001 seed=5050833866237992834 tolerance=1.0e-6 time_limit=600.0
TABLE5_SOLVE_START solver=cupdcs instance=table5-m400000-n7000000-r01 m=400000 n=7000000 density=0.0001 seed=2810953517340410803 tolerance=1.0e-6 time_limit=600.0
TABLE5_INSTANCE_READY instance=table5-m70000-n700000-r04 nnz=4899939 lambda=0.0484942417627286 numerical_digest=aa0b5ec27bb5a37bbbef284f9f87437232cc609678d1b5351c5737423b955507 model_digest=e3d5739ac60fe5d0804eb578582b555218396798d7177a3381e0426274738d26 generation_seconds=2.9495952129364014
TABLE5_SOLVE_START solver=cupdcs instance=table5-m70000-n700000-r05 m=70000 n=700000 density=0.0001 seed=3478211357477831271 tolerance=1.0e-6 time_limit=600.0
TABLE5_SOLVE_START solver=cupdcs instance=table5-m70000-n700000-r03 m=70000 n=700000 density=0.0001 seed=6230819915418504357 tolerance=1.0e-6 time_limit=600.0
TABLE5_INSTANCE_READY instance=table5-m70000-n700000-r05 nnz=4900969 lambda=0.04797910888477588 numerical_digest=ed0b21b8debd70178485af9c352b577e80bcb200ff5ee7c84d44e3917cbf2dd2 model_digest=104daa536b6cfee1a9678548cb630152bb8e2f201ec2b6edd4826af35343316d generation_seconds=2.814448833465576
TABLE5_INSTANCE_READY instance=table5-m70000-n700000-r03 nnz=4904221 lambda=0.04484706362751911 numerical_digest=c289e22ee1cac3b81efe7c7772bb5a3d29f983b6381b890de00aa51ef5fb7cd4 model_digest=0a89990f787bf080987fe82393da22d71ab2bbad87ef744139779110a60abb23 generation_seconds=2.8200039863586426
rescaling_method is not set, using default value: :ruiz_pock_chambolle. Note that if :use_scaling is false, this option is ignored.
kkt_restart_freq is not set, using default value: 500.
duality_gap_restart_freq is not set, using default value: 2000.
[ Info: logfile is set to nothing
[ Info: ---------------------------------------------------
[ Info: ------------- Parameter Info Summary --------------
[ Info: ---------------------------------------------------
[ Info: time limit: 600.0
[ Info: use_preconditioner: true
[ Info: use_adaptive_restart: true
[ Info: use_adaptive_step_size_weight: true
[ Info: use_aggressive: true
[ Info: use_restart: true
[ Info: use_adaptive_step: true
[ Info: use_reflection: true
[ Info: use_halpern: true
[ Info: use_resolving: true
[ Info: use_duality_gap_restart: true
[ Info: duality_gap_restart_freq: 2000
[ Info: use_kkt_restart: false
[ Info: kkt_restart_freq: 2000
[ Info: abs_tol: 1.0e-6
[ Info: rel_tol: 1.0e-6
[ Info: eps_primal_infeasible_low_acc: 1.0e-12
[ Info: eps_dual_infeasible_low_acc: 1.0e-12
[ Info: eps_primal_infeasible_high_acc: 1.0e-16
[ Info: eps_dual_infeasible_high_acc: 1.0e-16
[ Info: print_freq: 1000
[ Info: check_terminate_freq: 1000
[ Info: ---------------------------------------------------
[ Info: ------------- Model Info Summary -----------------
[ Info: ---------------------------------------------------
[ Info: variable number: 1470004
[ Info: constraint number: 1540005
[ Info: non-zero elements in G: 11339887
[ Info: Number of box constraints: 1470004
[ Info: Number of equal constraints: 70003
[ Info: Number of nonnegative constraints: 1400000
[ Info: Number of soc cone constraints: 1
[ Info: Number of rsoc cone constraints: 0
[ Info: Number of exp cone constraints: 0
[ Info: Number of dual exp cone constraints: 0
[ Info: Number of soc cone variables: 0
[ Info: Number of rsoc cone variables: 0
[ Info: Number of exp cone variables: 0
[ Info: Number of dual exp cone variables: 0
[ Info: ---------------------------------------------------
[ Info: Using preconditioner
[ Info: Warm start not enabled. Ignoring warm start values.
[ Info: Initializing primal and dual variables to zero.
rescaling_method is not set, using default value: :ruiz_pock_chambolle. Note that if :use_scaling is false, this option is ignored.
kkt_restart_freq is not set, using default value: 500.
duality_gap_restart_freq is not set, using default value: 2000.
rescaling_method is not set, using default value: :ruiz_pock_chambolle. Note that if :use_scaling is false, this option is ignored.
kkt_restart_freq is not set, using default value: 500.
duality_gap_restart_freq is not set, using default value: 2000.
[ Info: logfile is set to nothing
[ Info: ---------------------------------------------------
[ Info: ------------- Parameter Info Summary --------------
[ Info: ---------------------------------------------------
[ Info: time limit: 600.0
[ Info: use_preconditioner: true
[ Info: use_adaptive_restart: true
[ Info: use_adaptive_step_size_weight: true
[ Info: use_aggressive: true
[ Info: use_restart: true
[ Info: use_adaptive_step: true
[ Info: use_reflection: true
[ Info: use_halpern: true
[ Info: use_resolving: true
[ Info: use_duality_gap_restart: true
[ Info: duality_gap_restart_freq: 2000
[ Info: use_kkt_restart: false
[ Info: kkt_restart_freq: 2000
[ Info: abs_tol: 1.0e-6
[ Info: rel_tol: 1.0e-6
[ Info: eps_primal_infeasible_low_acc: 1.0e-12
[ Info: eps_dual_infeasible_low_acc: 1.0e-12
[ Info: eps_primal_infeasible_high_acc: 1.0e-16
[ Info: eps_dual_infeasible_high_acc: 1.0e-16
[ Info: print_freq: 1000
[ Info: check_terminate_freq: 1000
[ Info: ---------------------------------------------------
[ Info: ------------- Model Info Summary -----------------
[ Info: ---------------------------------------------------
[ Info: variable number: 1470004
[ Info: constraint number: 1540005
[ Info: non-zero elements in G: 11341947
[ Info: Number of box constraints: 1470004
[ Info: Number of equal constraints: 70003
[ Info: Number of nonnegative constraints: 1400000
[ Info: Number of soc cone constraints: 1
[ Info: Number of rsoc cone constraints: 0
[ Info: Number of exp cone constraints: 0
[ Info: Number of dual exp cone constraints: 0
[ Info: Number of soc cone variables: 0
[ Info: Number of rsoc cone variables: 0
[ Info: Number of exp cone variables: 0
[ Info: Number of dual exp cone variables: 0
[ Info: ---------------------------------------------------
[ Info: Using preconditioner
[ Info: Warm start not enabled. Ignoring warm start values.
[ Info: Initializing primal and dual variables to zero.
[ Info: logfile is set to nothing
[ Info: ---------------------------------------------------
[ Info: ------------- Parameter Info Summary --------------
[ Info: ---------------------------------------------------
[ Info: time limit: 600.0
[ Info: use_preconditioner: true
[ Info: use_adaptive_restart: true
[ Info: use_adaptive_step_size_weight: true
[ Info: use_aggressive: true
[ Info: use_restart: true
[ Info: use_adaptive_step: true
[ Info: use_reflection: true
[ Info: use_halpern: true
[ Info: use_resolving: true
[ Info: use_duality_gap_restart: true
[ Info: duality_gap_restart_freq: 2000
[ Info: use_kkt_restart: false
[ Info: kkt_restart_freq: 2000
[ Info: abs_tol: 1.0e-6
[ Info: rel_tol: 1.0e-6
[ Info: eps_primal_infeasible_low_acc: 1.0e-12
[ Info: eps_dual_infeasible_low_acc: 1.0e-12
[ Info: eps_primal_infeasible_high_acc: 1.0e-16
[ Info: eps_dual_infeasible_high_acc: 1.0e-16
[ Info: print_freq: 1000
[ Info: check_terminate_freq: 1000
[ Info: ---------------------------------------------------
[ Info: ------------- Model Info Summary -----------------
[ Info: ---------------------------------------------------
[ Info: variable number: 1470004
[ Info: constraint number: 1540005
[ Info: non-zero elements in G: 11348451
[ Info: Number of box constraints: 1470004
[ Info: Number of equal constraints: 70003
[ Info: Number of nonnegative constraints: 1400000
[ Info: Number of soc cone constraints: 1
[ Info: Number of rsoc cone constraints: 0
[ Info: Number of exp cone constraints: 0
[ Info: Number of dual exp cone constraints: 0
[ Info: Number of soc cone variables: 0
[ Info: Number of rsoc cone variables: 0
[ Info: Number of exp cone variables: 0
[ Info: Number of dual exp cone variables: 0
[ Info: ---------------------------------------------------
[ Info: Using preconditioner
[ Info: Warm start not enabled. Ignoring warm start values.
[ Info: Initializing primal and dual variables to zero.
[ Info: initial nrm1G: 6.436036330067612e6, initial nrmInfG: 1.0
[ Info: initial nrm1c: 67893.93846782004
[ Info: initial nrm1h: 228.02884494404512
[ Info: initial nrmInfc: 2.0
TABLE5_INSTANCE_READY instance=table5-m400000-n7000000-r01 nnz=279972972 lambda=0.08668710726461117 numerical_digest=b7b0d6150c1df45ac34a95f0872d8c4107ad40706adf2c847eba00812fa5d698 model_digest=1019b2bf33a935f1f4c6be3b6c5270c17131fe99591d7220a4c23f07c4689b91 generation_seconds=60.978955030441284
[ Info: initial nrm1G: 6.44352453132222e6, initial nrmInfG: 1.0
[ Info: initial nrm1c: 67172.7524386862
[ Info: initial nrm1h: 227.71737709397883
[ Info: initial nrmInfc: 2.0
[ Info: initial nrm1G: 6.444608647242463e6, initial nrmInfG: 1.0
[ Info: initial nrm1c: 62787.88907852676
[ Info: initial nrm1h: 226.67505048556004
[ Info: initial nrmInfc: 2.0
[ Info: max Dr_product:3.676604088552812
[ Info: norm Dr_product:2536.934353938343
[ Info: max Dl_product:10.895721338982092
[ Info: norm Dl_product:2536.9345508265014
[ Info: after scaling, norm1 c: 33572.61516735083
[ Info: after scaling, normInf c: 1.9996615778638578
[ Info: after scaling, norm1 G: 1.0121570556510547e6
[ Info: after scaling, normInf G: 1.0
[ Info: iter:0 rel_p_res(inf):5.000e-01 rel_d_res(inf):6.667e-01 primal_obj:0.000e+00 dual_obj:0.000e+00 rel_pd_gap:0.000e+00 time:0.00 restart_used:0
[ Info: ==================================================
[ Info: Start unified diagonal GPU loop for the ablation-compatible production path.
[ Info: iter:0 rel_p_res(inf):5.000e-01 rel_d_res(inf):6.667e-01 primal_obj:0.000e+00 dual_obj:0.000e+00 rel_pd_gap:0.000e+00 time:2.88 restart_used:0
[ Info: max Dr_product:3.7859233384658264
[ Info: norm Dr_product:2538.4097615332253
[ Info: max Dl_product:11.159566267235302
[ Info: norm Dl_product:2538.409958306946
[ Info: after scaling, norm1 c: 33203.24506615444
[ Info: after scaling, normInf c: 1.9996615778638578
[ Info: after scaling, norm1 G: 1.0119120188309598e6
[ Info: after scaling, normInf G: 1.0
[ Info: max Dr_product:3.7807598957615838
[ Info: norm Dr_product:2538.6232948918214
[ Info: max Dl_product:10.946015669622382
[ Info: norm Dl_product:2538.6234916489907
[ Info: after scaling, norm1 c: 31027.800757325535
[ Info: after scaling, normInf c: 1.9996615778638578
[ Info: after scaling, norm1 G: 1.0117662592019008e6
[ Info: after scaling, normInf G: 1.0
[ Info: iter:1000 rel_p_res(inf):3.104e-04 rel_d_res(inf):1.381e-02 primal_obj:1.07424e+00 dual_obj:1.29661e+00 rel_pd_gap:9.682e-02 time:4.69 restart_used:0, restart_trigger_mean:0, restart_trigger_ergodic:0, diff_nrm_x_recovered:1.924e+00 diff_nrm_y_recovered:5.970e+01 nrm2_x_recovered:1.924e+00 nrm2_y_recovered:5.970e+01, nrmInf_x_recovered:1.096e+00 nrmInf_y_recovered:2.234e+00 dual_gap_ergodic:1.000e+30, dual_gap_mean:1.000e+30, dual_gap_restart_threshold:Inf, dual_gap_r:0.000e+00, kkt_error_ergodic:1.000e+30, kkt_error_mean:1.000e+30, kkt_error_restart_threshold:0.000e+00, tau:3.739e-02, sigma:3.084e+01
[ Info: iter:2000 rel_p_res(inf):1.668e-04 rel_d_res(inf):6.796e-03 primal_obj:1.12508e+00 dual_obj:1.23464e+00 rel_pd_gap:4.903e-02 time:6.23 restart_used:0, restart_trigger_mean:0, restart_trigger_ergodic:0, diff_nrm_x_recovered:1.216e-02 diff_nrm_y_recovered:2.096e-01 nrm2_x_recovered:1.931e+00 nrm2_y_recovered:5.963e+01, nrmInf_x_recovered:1.100e+00 nrmInf_y_recovered:2.221e+00 dual_gap_ergodic:1.000e+30, dual_gap_mean:1.000e+30, dual_gap_restart_threshold:Inf, dual_gap_r:0.000e+00, kkt_error_ergodic:1.000e+30, kkt_error_mean:1.000e+30, kkt_error_restart_threshold:0.000e+00, tau:4.115e-02, sigma:3.394e+01
[ Info: restart due to condition 1
[ Info: omega:28.721594786545626, x_diff_norm:2.7506907291862372, y_diff_norm:62.38357013911096
[ Info: iter:0 rel_p_res(inf):5.000e-01 rel_d_res(inf):6.667e-01 primal_obj:0.000e+00 dual_obj:0.000e+00 rel_pd_gap:0.000e+00 time:0.00 restart_used:0
[ Info: ==================================================
[ Info: Start unified diagonal GPU loop for the ablation-compatible production path.
[ Info: iter:0 rel_p_res(inf):5.000e-01 rel_d_res(inf):6.667e-01 primal_obj:0.000e+00 dual_obj:0.000e+00 rel_pd_gap:0.000e+00 time:3.14 restart_used:0
[ Info: iter:3000 rel_p_res(inf):6.770e-07 rel_d_res(inf):4.947e-05 primal_obj:1.16687e+00 dual_obj:1.16711e+00 rel_pd_gap:1.104e-04 time:7.21 restart_used:1, restart_trigger_mean:0, restart_trigger_ergodic:1, diff_nrm_x_recovered:1.108e-02 diff_nrm_y_recovered:2.141e-01 nrm2_x_recovered:1.938e+00 nrm2_y_recovered:5.956e+01, nrmInf_x_recovered:1.104e+00 nrmInf_y_recovered:2.209e+00 dual_gap_ergodic:8.122e-04, dual_gap_mean:4.932e-03, dual_gap_restart_threshold:8.122e-04, dual_gap_r:2.961e+02, kkt_error_ergodic:1.000e+30, kkt_error_mean:1.000e+30, kkt_error_restart_threshold:0.000e+00, tau:3.890e-02, sigma:2.534e+01
[ Info: iter:0 rel_p_res(inf):5.000e-01 rel_d_res(inf):6.667e-01 primal_obj:0.000e+00 dual_obj:0.000e+00 rel_pd_gap:0.000e+00 time:0.00 restart_used:0
[ Info: ==================================================
[ Info: Start unified diagonal GPU loop for the ablation-compatible production path.
[ Info: iter:0 rel_p_res(inf):5.000e-01 rel_d_res(inf):6.667e-01 primal_obj:0.000e+00 dual_obj:0.000e+00 rel_pd_gap:0.000e+00 time:3.15 restart_used:0
[ Info: iter:4000 rel_p_res(inf):3.195e-07 rel_d_res(inf):2.580e-05 primal_obj:1.16680e+00 dual_obj:1.16693e+00 rel_pd_gap:5.817e-05 time:8.08 restart_used:1, restart_trigger_mean:0, restart_trigger_ergodic:1, diff_nrm_x_recovered:1.466e-04 diff_nrm_y_recovered:2.206e-03 nrm2_x_recovered:1.938e+00 nrm2_y_recovered:5.956e+01, nrmInf_x_recovered:1.104e+00 nrmInf_y_recovered:2.209e+00 dual_gap_ergodic:8.122e-04, dual_gap_mean:4.932e-03, dual_gap_restart_threshold:8.122e-04, dual_gap_r:2.961e+02, kkt_error_ergodic:1.000e+30, kkt_error_mean:1.000e+30, kkt_error_restart_threshold:0.000e+00, tau:4.253e-02, sigma:2.771e+01
[ Info: restart due to condition 2
[ Info: omega:25.522223421313374, x_diff_norm:0.016139468839585194, y_diff_norm:0.32149326749608054
[ Info: iter:5000 rel_p_res(inf):6.160e-09 rel_d_res(inf):9.195e-08 primal_obj:1.16673e+00 dual_obj:1.16672e+00 rel_pd_gap:9.557e-07 time:9.01 restart_used:2, restart_trigger_mean:0, restart_trigger_ergodic:2, diff_nrm_x_recovered:1.420e-04 diff_nrm_y_recovered:2.327e-03 nrm2_x_recovered:1.938e+00 nrm2_y_recovered:5.956e+01, nrmInf_x_recovered:1.104e+00 nrmInf_y_recovered:2.208e+00 dual_gap_ergodic:5.459e-04, dual_gap_mean:3.497e-03, dual_gap_restart_threshold:5.459e-04, dual_gap_r:1.032e-02, kkt_error_ergodic:1.000e+30, kkt_error_mean:1.000e+30, kkt_error_restart_threshold:0.000e+00, tau:4.163e-02, sigma:2.116e+01
[ Info: ===============================================
[ Info: ---------------------------------------------------
[ Info: ------------- Solver Info Summary -----------------
[ Info: ---------------------------------------------------
[ Info: iter_num:                     5000
[ Info: exit_status:                  optimal
[ Info: l_2_abs_primal_res:           6.4558e-07
[ Info: l_2_rel_primal_res:           1.4209e-09
[ Info: l_inf_abs_primal_res:         1.2962e-08
[ Info: l_inf_rel_primal_res:         6.1599e-09
[ Info: l_2_abs_dual_res:             8.7358e-06
[ Info: l_2_rel_dual_res:             1.2867e-10
[ Info: l_inf_abs_dual_res:           2.7586e-07
[ Info: l_inf_rel_dual_res:           9.1955e-08
[ Info: rel_gap:                      9.5572e-07
[ Info: abs_gap:                      2.0708e-06
[ Info: primal_obj:                   1.1667e+00
[ Info: dual_obj:                     1.1667e+00
[ Info: time:                         9.0116
[ Info: ---------------------------------------------------
[ Info:  norm(sol.x.recovered_primal.primal_sol.x, Inf): 1.1042491720898089
[ Info:  norm(sol.y.recovered_dual.dual_sol.y, Inf): 2.208498522655478
[ Info: time for projection: 0.3086507320404053
[ Info: time for iterative: 4.010266065597534
[ Info: time for restart check: 0.20837807655334473
[ Info: time for exit check: 0.0
[ Info: time for print info calculation: 0.661719799041748
[ Info: iter:1000 rel_p_res(inf):2.672e-04 rel_d_res(inf):1.264e-02 primal_obj:1.08873e+00 dual_obj:1.29222e+00 rel_pd_gap:8.877e-02 time:5.20 restart_used:0, restart_trigger_mean:0, restart_trigger_ergodic:0, diff_nrm_x_recovered:1.922e+00 diff_nrm_y_recovered:5.911e+01 nrm2_x_recovered:1.922e+00 nrm2_y_recovered:5.911e+01, nrmInf_x_recovered:1.094e+00 nrmInf_y_recovered:2.229e+00 dual_gap_ergodic:1.000e+30, dual_gap_mean:1.000e+30, dual_gap_restart_threshold:Inf, dual_gap_r:0.000e+00, kkt_error_ergodic:1.000e+30, kkt_error_mean:1.000e+30, kkt_error_restart_threshold:0.000e+00, tau:4.341e-02, sigma:3.504e+01
[ Info: iter:1000 rel_p_res(inf):3.409e-04 rel_d_res(inf):1.371e-02 primal_obj:1.06954e+00 dual_obj:1.28555e+00 rel_pd_gap:9.451e-02 time:4.97 restart_used:0, restart_trigger_mean:0, restart_trigger_ergodic:0, diff_nrm_x_recovered:1.902e+00 diff_nrm_y_recovered:5.545e+01 nrm2_x_recovered:1.902e+00 nrm2_y_recovered:5.545e+01, nrmInf_x_recovered:1.081e+00 nrmInf_y_recovered:2.195e+00 dual_gap_ergodic:1.000e+30, dual_gap_mean:1.000e+30, dual_gap_restart_threshold:Inf, dual_gap_r:0.000e+00, kkt_error_ergodic:1.000e+30, kkt_error_mean:1.000e+30, kkt_error_restart_threshold:0.000e+00, tau:4.339e-02, sigma:3.061e+01
[ Info: iter:2000 rel_p_res(inf):1.845e-04 rel_d_res(inf):7.913e-03 primal_obj:1.11410e+00 dual_obj:1.23432e+00 rel_pd_gap:5.381e-02 time:7.03 restart_used:0, restart_trigger_mean:0, restart_trigger_ergodic:0, diff_nrm_x_recovered:1.371e-02 diff_nrm_y_recovered:3.582e-01 nrm2_x_recovered:1.929e+00 nrm2_y_recovered:5.904e+01, nrmInf_x_recovered:1.098e+00 nrmInf_y_recovered:2.216e+00 dual_gap_ergodic:1.000e+30, dual_gap_mean:1.000e+30, dual_gap_restart_threshold:Inf, dual_gap_r:0.000e+00, kkt_error_ergodic:1.000e+30, kkt_error_mean:1.000e+30, kkt_error_restart_threshold:0.000e+00, tau:3.556e-02, sigma:2.870e+01
[ Info: restart due to condition 1
[ Info: iter:2000 rel_p_res(inf):1.494e-04 rel_d_res(inf):6.888e-03 primal_obj:1.10750e+00 dual_obj:1.21599e+00 rel_pd_gap:4.896e-02 time:6.44 restart_used:0, restart_trigger_mean:0, restart_trigger_ergodic:0, diff_nrm_x_recovered:1.197e-02 diff_nrm_y_recovered:1.861e-01 nrm2_x_recovered:1.909e+00 nrm2_y_recovered:5.539e+01, nrmInf_x_recovered:1.086e+00 nrmInf_y_recovered:2.189e+00 dual_gap_ergodic:1.000e+30, dual_gap_mean:1.000e+30, dual_gap_restart_threshold:Inf, dual_gap_r:0.000e+00, kkt_error_ergodic:1.000e+30, kkt_error_mean:1.000e+30, kkt_error_restart_threshold:0.000e+00, tau:4.152e-02, sigma:2.929e+01
[ Info: omega:28.411382948911275, x_diff_norm:2.7474580062954184, y_diff_norm:61.80575488633809
[ Info: restart due to condition 1
[ Info: omega:26.559103594327713, x_diff_norm:2.724883391480375, y_diff_norm:58.23021978096661
[ Info: iter:3000 rel_p_res(inf):4.744e-06 rel_d_res(inf):3.019e-04 primal_obj:1.16394e+00 dual_obj:1.16617e+00 rel_pd_gap:1.029e-03 time:8.05 restart_used:1, restart_trigger_mean:1, restart_trigger_ergodic:0, diff_nrm_x_recovered:1.114e-02 diff_nrm_y_recovered:2.395e-01 nrm2_x_recovered:1.935e+00 nrm2_y_recovered:5.897e+01, nrmInf_x_recovered:1.102e+00 nrmInf_y_recovered:2.206e+00 dual_gap_ergodic:4.857e-02, dual_gap_mean:3.597e-03, dual_gap_restart_threshold:3.664e-03, dual_gap_r:3.368e+02, kkt_error_ergodic:1.000e+30, kkt_error_mean:1.000e+30, kkt_error_restart_threshold:0.000e+00, tau:4.263e-02, sigma:2.724e+01
[ Info: iter:3000 rel_p_res(inf):6.374e-07 rel_d_res(inf):4.967e-05 primal_obj:1.14954e+00 dual_obj:1.14985e+00 rel_pd_gap:1.435e-04 time:7.43 restart_used:1, restart_trigger_mean:0, restart_trigger_ergodic:1, diff_nrm_x_recovered:1.205e-02 diff_nrm_y_recovered:1.798e-01 nrm2_x_recovered:1.917e+00 nrm2_y_recovered:5.533e+01, nrmInf_x_recovered:1.090e+00 nrmInf_y_recovered:2.181e+00 dual_gap_ergodic:7.462e-04, dual_gap_mean:4.311e-03, dual_gap_restart_threshold:7.462e-04, dual_gap_r:2.922e+02, kkt_error_ergodic:1.000e+30, kkt_error_mean:1.000e+30, kkt_error_restart_threshold:0.000e+00, tau:3.834e-02, sigma:2.176e+01
[ Info: iter:4000 rel_p_res(inf):2.153e-06 rel_d_res(inf):1.490e-04 primal_obj:1.16377e+00 dual_obj:1.16485e+00 rel_pd_gap:4.967e-04 time:8.94 restart_used:1, restart_trigger_mean:1, restart_trigger_ergodic:0, diff_nrm_x_recovered:6.070e-04 diff_nrm_y_recovered:1.223e-02 nrm2_x_recovered:1.935e+00 nrm2_y_recovered:5.897e+01, nrmInf_x_recovered:1.102e+00 nrmInf_y_recovered:2.206e+00 dual_gap_ergodic:4.857e-02, dual_gap_mean:3.597e-03, dual_gap_restart_threshold:3.664e-03, dual_gap_r:3.368e+02, kkt_error_ergodic:1.000e+30, kkt_error_mean:1.000e+30, kkt_error_restart_threshold:0.000e+00, tau:4.349e-02, sigma:2.780e+01
[ Info: restart due to condition 1
[ Info: omega:25.281050314663013, x_diff_norm:0.08627130964224415, y_diff_norm:1.2222499142123295
[ Info: iter:4000 rel_p_res(inf):4.285e-07 rel_d_res(inf):2.509e-05 primal_obj:1.14952e+00 dual_obj:1.14965e+00 rel_pd_gap:6.140e-05 time:8.32 restart_used:1, restart_trigger_mean:0, restart_trigger_ergodic:1, diff_nrm_x_recovered:1.444e-04 diff_nrm_y_recovered:2.101e-03 nrm2_x_recovered:1.917e+00 nrm2_y_recovered:5.533e+01, nrmInf_x_recovered:1.090e+00 nrmInf_y_recovered:2.181e+00 dual_gap_ergodic:7.462e-04, dual_gap_mean:4.311e-03, dual_gap_restart_threshold:7.462e-04, dual_gap_r:2.922e+02, kkt_error_ergodic:1.000e+30, kkt_error_mean:1.000e+30, kkt_error_restart_threshold:0.000e+00, tau:4.138e-02, sigma:2.349e+01
[ Info: restart due to condition 2
[ Info: omega:23.823576497156424, x_diff_norm:0.017211264453161245, y_diff_norm:0.2684426120322188
[ Info: iter:5000 rel_p_res(inf):4.181e-08 rel_d_res(inf):3.703e-07 primal_obj:1.16359e+00 dual_obj:1.16358e+00 rel_pd_gap:5.844e-06 time:9.88 restart_used:2, restart_trigger_mean:1, restart_trigger_ergodic:1, diff_nrm_x_recovered:5.974e-04 diff_nrm_y_recovered:1.268e-02 nrm2_x_recovered:1.935e+00 nrm2_y_recovered:5.897e+01, nrmInf_x_recovered:1.102e+00 nrmInf_y_recovered:2.205e+00 dual_gap_ergodic:5.934e-04, dual_gap_mean:4.035e-03, dual_gap_restart_threshold:5.934e-04, dual_gap_r:2.396e-01, kkt_error_ergodic:1.000e+30, kkt_error_mean:1.000e+30, kkt_error_restart_threshold:0.000e+00, tau:5.720e-02, sigma:2.049e+01
[ Info: iter:5000 rel_p_res(inf):6.184e-09 rel_d_res(inf):1.057e-07 primal_obj:1.14946e+00 dual_obj:1.14946e+00 rel_pd_gap:6.896e-07 time:9.26 restart_used:2, restart_trigger_mean:0, restart_trigger_ergodic:2, diff_nrm_x_recovered:1.439e-04 diff_nrm_y_recovered:2.093e-03 nrm2_x_recovered:1.917e+00 nrm2_y_recovered:5.533e+01, nrmInf_x_recovered:1.090e+00 nrmInf_y_recovered:2.181e+00 dual_gap_ergodic:4.455e-04, dual_gap_mean:2.935e-03, dual_gap_restart_threshold:4.455e-04, dual_gap_r:1.070e-02, kkt_error_ergodic:1.000e+30, kkt_error_mean:1.000e+30, kkt_error_restart_threshold:0.000e+00, tau:5.879e-02, sigma:2.185e+01
[ Info: ===============================================
[ Info: ---------------------------------------------------
[ Info: ------------- Solver Info Summary -----------------
[ Info: ---------------------------------------------------
[ Info: iter_num:                     5000
[ Info: exit_status:                  optimal
[ Info: l_2_abs_primal_res:           6.9873e-07
[ Info: l_2_rel_primal_res:           1.5527e-09
[ Info: l_inf_abs_primal_res:         1.2927e-08
[ Info: l_inf_rel_primal_res:         6.1842e-09
[ Info: l_2_abs_dual_res:             5.5632e-06
[ Info: l_2_rel_dual_res:             8.8602e-11
[ Info: l_inf_abs_dual_res:           3.1721e-07
[ Info: l_inf_rel_dual_res:           1.0574e-07
[ Info: rel_gap:                      6.8962e-07
[ Info: abs_gap:                      1.4823e-06
[ Info: primal_obj:                   1.1495e+00
[ Info: dual_obj:                     1.1495e+00
[ Info: time:                         9.2642
[ Info: ---------------------------------------------------
[ Info:  norm(sol.x.recovered_primal.primal_sol.x, Inf): 1.0903419713314002
[ Info:  norm(sol.y.recovered_dual.dual_sol.y, Inf): 2.1806846425988584
[ Info: time for projection: 0.31224489212036133
[ Info: time for iterative: 4.0198915004730225
[ Info: time for restart check: 0.21915698051452637
[ Info: time for exit check: 0.0
[ Info: time for print info calculation: 0.5817289352416992
[ Info: iter:6000 rel_p_res(inf):2.080e-08 rel_d_res(inf):1.706e-07 primal_obj:1.16358e+00 dual_obj:1.16357e+00 rel_pd_gap:3.204e-06 time:10.78 restart_used:2, restart_trigger_mean:1, restart_trigger_ergodic:1, diff_nrm_x_recovered:7.978e-06 diff_nrm_y_recovered:7.092e-05 nrm2_x_recovered:1.935e+00 nrm2_y_recovered:5.897e+01, nrmInf_x_recovered:1.102e+00 nrmInf_y_recovered:2.205e+00 dual_gap_ergodic:5.934e-04, dual_gap_mean:4.035e-03, dual_gap_restart_threshold:5.934e-04, dual_gap_r:2.396e-01, kkt_error_ergodic:1.000e+30, kkt_error_mean:1.000e+30, kkt_error_restart_threshold:0.000e+00, tau:7.022e-02, sigma:2.515e+01
[ Info: iter:7000 rel_p_res(inf):1.367e-08 rel_d_res(inf):1.134e-07 primal_obj:1.16358e+00 dual_obj:1.16357e+00 rel_pd_gap:2.279e-06 time:11.69 restart_used:2, restart_trigger_mean:1, restart_trigger_ergodic:1, diff_nrm_x_recovered:2.626e-06 diff_nrm_y_recovered:2.190e-05 nrm2_x_recovered:1.935e+00 nrm2_y_recovered:5.897e+01, nrmInf_x_recovered:1.102e+00 nrmInf_y_recovered:2.205e+00 dual_gap_ergodic:1.154e-03, dual_gap_mean:2.739e-03, dual_gap_restart_threshold:5.934e-04, dual_gap_r:2.396e-01, kkt_error_ergodic:1.000e+30, kkt_error_mean:1.000e+30, kkt_error_restart_threshold:0.000e+00, tau:7.372e-02, sigma:2.640e+01
[ Info: iter:8000 rel_p_res(inf):1.184e-08 rel_d_res(inf):9.372e-08 primal_obj:1.16358e+00 dual_obj:1.16357e+00 rel_pd_gap:1.742e-06 time:12.58 restart_used:2, restart_trigger_mean:1, restart_trigger_ergodic:1, diff_nrm_x_recovered:7.476e-07 diff_nrm_y_recovered:8.234e-06 nrm2_x_recovered:1.935e+00 nrm2_y_recovered:5.897e+01, nrmInf_x_recovered:1.102e+00 nrmInf_y_recovered:2.205e+00 dual_gap_ergodic:1.154e-03, dual_gap_mean:2.739e-03, dual_gap_restart_threshold:5.934e-04, dual_gap_r:2.396e-01, kkt_error_ergodic:1.000e+30, kkt_error_mean:1.000e+30, kkt_error_restart_threshold:0.000e+00, tau:6.635e-02, sigma:2.377e+01
[ Info: restart due to condition 2
[ Info: omega:18.925369557621142, x_diff_norm:0.0010282971786073562, y_diff_norm:0.01983390524087565
TABLE5_SOLVE_RESULT solver=cupdcs instance=table5-m70000-n700000-r04 termination=OPTIMAL primal_status=FEASIBLE_POINT iterations=5000 objective=1.1667251615177026 optimize_wall_seconds=65.81049609184265
TABLE5_SOLVE_FINISH solver=cupdcs instance=table5-m70000-n700000-r04 status=completed result=/home/zhenwei/PDCS_fork/benchmark/large_scale_lasso/table5_solver_results/cupdcs/table5-m70000-n700000-r04/attempt_20260729T195705Z_gpu2/result.toml
[ Info: iter:9000 rel_p_res(inf):1.500e-10 rel_d_res(inf):4.729e-09 primal_obj:1.16357e+00 dual_obj:1.16357e+00 rel_pd_gap:2.945e-08 time:13.51 restart_used:3, restart_trigger_mean:1, restart_trigger_ergodic:2, diff_nrm_x_recovered:4.206e-06 diff_nrm_y_recovered:3.440e-05 nrm2_x_recovered:1.935e+00 nrm2_y_recovered:5.897e+01, nrmInf_x_recovered:1.102e+00 nrmInf_y_recovered:2.205e+00 dual_gap_ergodic:4.318e-04, dual_gap_mean:1.474e-03, dual_gap_restart_threshold:4.318e-04, dual_gap_r:3.322e-05, kkt_error_ergodic:1.000e+30, kkt_error_mean:1.000e+30, kkt_error_restart_threshold:0.000e+00, tau:6.211e-02, sigma:2.267e+01
[ Info: ===============================================
[ Info: ---------------------------------------------------
[ Info: ------------- Solver Info Summary -----------------
[ Info: ---------------------------------------------------
[ Info: iter_num:                     9000
[ Info: exit_status:                  optimal
[ Info: l_2_abs_primal_res:           1.2297e-08
[ Info: l_2_rel_primal_res:           2.7114e-11
[ Info: l_inf_abs_primal_res:         3.1541e-10
[ Info: l_inf_rel_primal_res:         1.5003e-10
[ Info: l_2_abs_dual_res:             1.4382e-07
[ Info: l_2_rel_dual_res:             2.1411e-12
[ Info: l_inf_abs_dual_res:           1.4186e-08
[ Info: l_inf_rel_dual_res:           4.7286e-09
[ Info: rel_gap:                      2.9454e-08
[ Info: abs_gap:                      6.3727e-08
[ Info: primal_obj:                   1.1636e+00
[ Info: dual_obj:                     1.1636e+00
[ Info: time:                         13.5141
[ Info: ---------------------------------------------------
[ Info:  norm(sol.x.recovered_primal.primal_sol.x, Inf): 1.102346714109072
[ Info:  norm(sol.y.recovered_dual.dual_sol.y, Inf): 2.2046934090525507
[ Info: time for projection: 0.4772181510925293
[ Info: time for iterative: 7.06309700012207
[ Info: time for restart check: 0.22584009170532227
[ Info: time for exit check: 0.0
[ Info: time for print info calculation: 0.9496395587921143
RESOURCE_SNAPSHOT label=solve_cupdcs_table5-m70000-n700000-r04 utc=2026-07-29T20:16:52Z
               total        used        free      shared  buff/cache   available
Mem:           2.0Ti        97Gi       445Gi        79Mi       1.4Ti       1.9Ti
Swap:             0B          0B          0B
Filesystem                    Size  Used Avail Use% Mounted on
/dev/mapper/ubuntu--vg-lv--0  778G  726G   13G  99% /home
SOLVE_CASE_COMPLETE solver=cupdcs id=table5-m70000-n700000-r04 utc=2026-07-29T20:16:52Z
GPU_PREFLIGHT 2, GPU-28d7051d-27e3-48ab-6616-6771b0a9e050, NVIDIA H100 80GB HBM3, 0, 81081, 0
SOLVE_CASE_START solver=scs_gpu id=table5-m70000-n700000-r04 gpu=2 utc=2026-07-29T20:16:52Z
TABLE5_SOLVE_RESULT solver=cupdcs instance=table5-m70000-n700000-r03 termination=OPTIMAL primal_status=FEASIBLE_POINT iterations=5000 objective=1.1494589028931772 optimize_wall_seconds=64.71532201766968
TABLE5_SOLVE_FINISH solver=cupdcs instance=table5-m70000-n700000-r03 status=completed result=/home/zhenwei/PDCS_fork/benchmark/large_scale_lasso/table5_solver_results/cupdcs/table5-m70000-n700000-r03/attempt_20260729T195705Z_gpu1/result.toml
RESOURCE_SNAPSHOT label=solve_cupdcs_table5-m70000-n700000-r03 utc=2026-07-29T20:16:57Z
               total        used        free      shared  buff/cache   available
Mem:           2.0Ti        95Gi       448Gi        58Mi       1.4Ti       1.9Ti
Swap:             0B          0B          0B
Filesystem                    Size  Used Avail Use% Mounted on
/dev/mapper/ubuntu--vg-lv--0  778G  726G   13G  99% /home
SOLVE_CASE_COMPLETE solver=cupdcs id=table5-m70000-n700000-r03 utc=2026-07-29T20:16:57Z
GPU_PREFLIGHT 1, GPU-1a06a313-b094-618b-9f24-8ccf7885ac5b, NVIDIA H100 80GB HBM3, 0, 81081, 0
SOLVE_CASE_START solver=scs_gpu id=table5-m70000-n700000-r03 gpu=1 utc=2026-07-29T20:16:57Z
TABLE5_SOLVE_RESULT solver=cupdcs instance=table5-m70000-n700000-r05 termination=OPTIMAL primal_status=FEASIBLE_POINT iterations=9000 objective=1.1635740712352218 optimize_wall_seconds=69.44034504890442
TABLE5_SOLVE_FINISH solver=cupdcs instance=table5-m70000-n700000-r05 status=completed result=/home/zhenwei/PDCS_fork/benchmark/large_scale_lasso/table5_solver_results/cupdcs/table5-m70000-n700000-r05/attempt_20260729T195705Z_gpu3/result.toml
RESOURCE_SNAPSHOT label=solve_cupdcs_table5-m70000-n700000-r05 utc=2026-07-29T20:17:01Z
               total        used        free      shared  buff/cache   available
Mem:           2.0Ti        93Gi       449Gi        38Mi       1.4Ti       1.9Ti
Swap:             0B          0B          0B
Filesystem                    Size  Used Avail Use% Mounted on
/dev/mapper/ubuntu--vg-lv--0  778G  726G   13G  99% /home
SOLVE_CASE_COMPLETE solver=cupdcs id=table5-m70000-n700000-r05 utc=2026-07-29T20:17:01Z
GPU_PREFLIGHT 3, GPU-22f89f46-9219-a475-fe40-bba785517158, NVIDIA H100 80GB HBM3, 0, 81081, 0
SOLVE_CASE_START solver=scs_gpu id=table5-m70000-n700000-r05 gpu=3 utc=2026-07-29T20:17:01Z
TABLE5_SOLVE_START solver=scs_gpu instance=table5-m70000-n700000-r04 m=70000 n=700000 density=0.0001 seed=5050833866237992834 tolerance=1.0e-6 time_limit=600.0
TABLE5_INSTANCE_READY instance=table5-m70000-n700000-r04 nnz=4899939 lambda=0.0484942417627286 numerical_digest=aa0b5ec27bb5a37bbbef284f9f87437232cc609678d1b5351c5737423b955507 model_digest=e3d5739ac60fe5d0804eb578582b555218396798d7177a3381e0426274738d26 generation_seconds=2.8488540649414062
TABLE5_SOLVE_START solver=scs_gpu instance=table5-m70000-n700000-r03 m=70000 n=700000 density=0.0001 seed=6230819915418504357 tolerance=1.0e-6 time_limit=600.0
TABLE5_INSTANCE_READY instance=table5-m70000-n700000-r03 nnz=4904221 lambda=0.04484706362751911 numerical_digest=c289e22ee1cac3b81efe7c7772bb5a3d29f983b6381b890de00aa51ef5fb7cd4 model_digest=0a89990f787bf080987fe82393da22d71ab2bbad87ef744139779110a60abb23 generation_seconds=2.9083759784698486
TABLE5_SOLVE_START solver=scs_gpu instance=table5-m70000-n700000-r05 m=70000 n=700000 density=0.0001 seed=3478211357477831271 tolerance=1.0e-6 time_limit=600.0
TABLE5_INSTANCE_READY instance=table5-m70000-n700000-r05 nnz=4900969 lambda=0.04797910888477588 numerical_digest=ed0b21b8debd70178485af9c352b577e80bcb200ff5ee7c84d44e3917cbf2dd2 model_digest=104daa536b6cfee1a9678548cb630152bb8e2f201ec2b6edd4826af35343316d generation_seconds=2.7756969928741455
------------------------------------------------------------------
	       SCS v3.2.11 - Splitting Conic Solver
	(c) Brendan O'Donoghue, Stanford University, 2012
------------------------------------------------------------------
problem:  variables n: 1470004, constraints m: 1540005
cones: 	  z: primal zero / dual free vars: 70003
	  l: linear vars: 1400000
	  q: soc vars: 70002, qsize: 1
settings: eps_abs: 1.0e-06, eps_rel: 1.0e-06, eps_infeas: 1.0e-07
	  alpha: 1.50, scale: 1.00e-01, adaptive_scale: 1
	  max_iters: 100000, normalize: 1, rho_x: 1.00e-06
	  acceleration_lookback: 10, acceleration_interval: 10
	  time_limit_secs: 6.00e+02
	  compiled with openmp parallelization enabled
lin-sys:  sparse-indirect GPU
	  nnz(A): 11344653, nnz(P): 0
------------------------------------------------------------------
 iter | pri res | dua res |   gap   |   obj   |  scale  | time (s)
------------------------------------------------------------------
     0| 2.83e+01  2.00e+00  6.71e+04 -3.36e+04  1.00e-01  1.15e+03 
------------------------------------------------------------------
status:  solved (inaccurate - reached time_limit_secs)
timings: total: 1.15e+03s = setup: 3.45e+00s + solve: 1.15e+03s
	 lin-sys: 4.06e-02s, cones: 1.96e-02s, accel: 4.44e-06s
------------------------------------------------------------------
objective = -33557.781797 (inaccurate)
------------------------------------------------------------------
TABLE5_SOLVE_RESULT solver=scs_gpu instance=table5-m70000-n700000-r01 termination=TIME_LIMIT primal_status=FEASIBLE_POINT iterations=0 objective=-67115.76798576472 optimize_wall_seconds=1161.9086458683014
TABLE5_SOLVE_FINISH solver=scs_gpu instance=table5-m70000-n700000-r01 status=completed result=/home/zhenwei/PDCS_fork/benchmark/large_scale_lasso/table5_solver_results/scs_gpu/table5-m70000-n700000-r01/attempt_20260729T195705Z_gpu5/result.toml
RESOURCE_SNAPSHOT label=solve_scs_gpu_table5-m70000-n700000-r01 utc=2026-07-29T20:18:59Z
               total        used        free      shared  buff/cache   available
Mem:           2.0Ti       111Gi       431Gi        66Mi       1.4Ti       1.8Ti
Swap:             0B          0B          0B
Filesystem                    Size  Used Avail Use% Mounted on
/dev/mapper/ubuntu--vg-lv--0  778G  726G   13G  99% /home
SOLVE_CASE_COMPLETE solver=scs_gpu id=table5-m70000-n700000-r01 utc=2026-07-29T20:18:59Z
GPU_PREFLIGHT 5, GPU-84fc7112-00ba-4e9e-0a3b-615cd5f7d9c2, NVIDIA H100 80GB HBM3, 0, 81081, 1
SOLVE_CASE_START solver=cuclarabel id=table5-m70000-n700000-r01 gpu=5 utc=2026-07-29T20:18:59Z
TABLE5_SOLVE_START solver=cuclarabel instance=table5-m70000-n700000-r01 m=70000 n=700000 density=0.0001 seed=6866308190711936842 tolerance=1.0e-6 time_limit=600.0
TABLE5_INSTANCE_READY instance=table5-m70000-n700000-r01 nnz=4902322 lambda=0.048930288571691086 numerical_digest=ea5f479114a93712157200d34dbe16e3ebf17d96129dc5d4a094c4d65e25ed47 model_digest=cf54c6000f9f42006e0157ee389b8aaa86a5ed7fda60cabdb3cd86a3151c0f1c generation_seconds=2.624523162841797
------------------------------------------------------------------
	       SCS v3.2.11 - Splitting Conic Solver
	(c) Brendan O'Donoghue, Stanford University, 2012
------------------------------------------------------------------
problem:  variables n: 1470004, constraints m: 1540005
cones: 	  z: primal zero / dual free vars: 70003
	  l: linear vars: 1400000
	  q: soc vars: 70002, qsize: 1
settings: eps_abs: 1.0e-06, eps_rel: 1.0e-06, eps_infeas: 1.0e-07
	  alpha: 1.50, scale: 1.00e-01, adaptive_scale: 1
	  max_iters: 100000, normalize: 1, rho_x: 1.00e-06
	  acceleration_lookback: 10, acceleration_interval: 10
	  time_limit_secs: 6.00e+02
	  compiled with openmp parallelization enabled
lin-sys:  sparse-indirect GPU
	  nnz(A): 11339453, nnz(P): 0
------------------------------------------------------------------
 iter | pri res | dua res |   gap   |   obj   |  scale  | time (s)
------------------------------------------------------------------
     0| 2.83e+01  2.00e+00  7.68e+04 -3.84e+04  1.00e-01  1.19e+03 
------------------------------------------------------------------
status:  solved (inaccurate - reached time_limit_secs)
timings: total: 1.19e+03s = setup: 3.61e+00s + solve: 1.19e+03s
	 lin-sys: 3.18e-02s, cones: 1.90e-02s, accel: 1.53e-07s
------------------------------------------------------------------
objective = -38387.930666 (inaccurate)
------------------------------------------------------------------
TABLE5_SOLVE_RESULT solver=scs_gpu instance=table5-m70000-n700000-r02 termination=TIME_LIMIT primal_status=FEASIBLE_POINT iterations=0 objective=-76776.06573158153 optimize_wall_seconds=1198.2346880435944
TABLE5_SOLVE_FINISH solver=scs_gpu instance=table5-m70000-n700000-r02 status=completed result=/home/zhenwei/PDCS_fork/benchmark/large_scale_lasso/table5_solver_results/scs_gpu/table5-m70000-n700000-r02/attempt_20260729T195705Z_gpu6/result.toml
RESOURCE_SNAPSHOT label=solve_scs_gpu_table5-m70000-n700000-r02 utc=2026-07-29T20:19:39Z
               total        used        free      shared  buff/cache   available
Mem:           2.0Ti       117Gi       425Gi        66Mi       1.4Ti       1.8Ti
Swap:             0B          0B          0B
Filesystem                    Size  Used Avail Use% Mounted on
/dev/mapper/ubuntu--vg-lv--0  778G  726G   13G  99% /home
SOLVE_CASE_COMPLETE solver=scs_gpu id=table5-m70000-n700000-r02 utc=2026-07-29T20:19:39Z
GPU_PREFLIGHT 6, GPU-790986fa-7e8a-1825-d49a-9b2ba1c63325, NVIDIA H100 80GB HBM3, 0, 81081, 0
SOLVE_CASE_START solver=cuclarabel id=table5-m70000-n700000-r02 gpu=6 utc=2026-07-29T20:19:39Z
TABLE5_SOLVE_START solver=cuclarabel instance=table5-m70000-n700000-r02 m=70000 n=700000 density=0.0001 seed=3717777317041247579 tolerance=1.0e-6 time_limit=600.0
TABLE5_INSTANCE_READY instance=table5-m70000-n700000-r02 nnz=4899722 lambda=0.052337271311113445 numerical_digest=02f9ec7e3c7e9002ad808099d95515249458dd2a890647dafe7b466a07b2cdfb model_digest=1e0f88d61922b1b49a9beca5440c13a1c9f837fd2000e546314540ff3152386f generation_seconds=2.934875965118408
-------------------------------------------------------------
           Clarabel.jl v0.11.0  -  Clever Acronym              

                   (c) Paul Goulart                          
                University of Oxford, 2022                   
-------------------------------------------------------------

problem:
  variables     = 1470004
  constraints   = 1540005
  nnz(P)        = 0
  nnz(A)        = 11344653
  cones (total) = 3
    : Zero        = 1,  numel = 70003
    : Nonnegative = 1,  numel = 1400000
    : SecondOrder = 1,  numel = 70002

settings:
  linear algebra: direct / cudss, precision: 64 bit 
  max iter = 200, time limit = 600.000000,  max step = 0.990
  tol_feas = 1.0e-06, tol_gap_abs = 1.0e-06, tol_gap_rel = 1.0e-06,
  static reg : on, ϵ1 = 1.0e-08, ϵ2 = 4.9e-32
  dynamic reg: on, ϵ = 1.0e-13, δ = 2.0e-07
  iter refine: on, reltol = 1.0e-12, abstol = 1.0e-12, 
               max iter = 10, stop ratio = 5.0
  equilibrate: on, min_scale = 1.0e-04, max_scale = 1.0e+04
               max iter = 10

iter    pcost        dcost       gap       pres      dres      k/t        μ       step      
---------------------------------------------------------------------------------------------
  0   2.6021e-18  -3.9864e-16  4.01e-16  9.98e-01  9.51e-01  1.00e+00  1.05e+00   ------   
-------------------------------------------------------------
           Clarabel.jl v0.11.0  -  Clever Acronym              

                   (c) Paul Goulart                          
                University of Oxford, 2022                   
-------------------------------------------------------------

problem:
  variables     = 1470004
  constraints   = 1540005
  nnz(P)        = 0
  nnz(A)        = 11339453
  cones (total) = 3
    : Zero        = 1,  numel = 70003
    : Nonnegative = 1,  numel = 1400000
    : SecondOrder = 1,  numel = 70002

settings:
  linear algebra: direct / cudss, precision: 64 bit 
  max iter = 200, time limit = 600.000000,  max step = 0.990
  tol_feas = 1.0e-06, tol_gap_abs = 1.0e-06, tol_gap_rel = 1.0e-06,
  static reg : on, ϵ1 = 1.0e-08, ϵ2 = 4.9e-32
  dynamic reg: on, ϵ = 1.0e-13, δ = 2.0e-07
  iter refine: on, reltol = 1.0e-12, abstol = 1.0e-12, 
               max iter = 10, stop ratio = 5.0
  equilibrate: on, min_scale = 1.0e-04, max_scale = 1.0e+04
               max iter = 10

iter    pcost        dcost       gap       pres      dres      k/t        μ       step      
---------------------------------------------------------------------------------------------
  1  -5.5833e+00  -8.5705e-01  4.73e+00  9.88e-01  8.16e-01  4.96e+00  9.11e-01  9.90e-01  
  2  -4.5608e+01  -5.8330e+00  6.82e+00  7.41e-01  3.96e-01  3.98e+01  5.18e-01  9.90e-01  
  0  -1.3010e-18  -4.0503e-16  4.04e-16  9.98e-01  9.48e-01  1.00e+00  1.05e+00   ------   
  3  -1.8829e+01  -2.0626e+00  8.13e+00  2.26e-01  4.20e-02  1.68e+01  5.34e-02  9.90e-01  
  4  -1.5307e+00   3.6489e-01  1.90e+00  8.63e-02  5.55e-03  1.90e+00  6.53e-03  8.84e-01  
  5   3.7014e-01   8.7426e-01  5.04e-01  2.30e-02  1.51e-03  5.04e-01  1.79e-03  7.33e-01  
  6   8.1425e-01   1.0368e+00  2.23e-01  1.30e-02  8.77e-04  2.23e-01  1.05e-03  5.59e-01  
  1  -5.1802e+00  -7.7916e-01  4.40e+00  9.88e-01  8.06e-01  4.63e+00  9.05e-01  9.90e-01  
  7   1.0393e+00   1.1210e+00  7.86e-02  6.09e-03  4.19e-04  8.17e-02  5.06e-04  6.33e-01  
  2  -3.7849e+01  -4.7743e+00  6.93e+00  7.71e-01  3.88e-01  3.31e+01  4.96e-01  9.90e-01  
  8   1.1456e+00   1.1588e+00  1.15e-02  1.71e-03  1.19e-04  1.32e-02  1.45e-04  8.38e-01  
  3  -1.3886e+01  -1.4626e+00  8.49e+00  2.59e-01  3.68e-02  1.24e+01  4.56e-02  9.90e-01  
  9   1.1651e+00   1.1655e+00  2.75e-04  1.12e-04  7.89e-06  3.21e-04  9.60e-06  9.76e-01  
  4  -8.7020e-01   4.7291e-01  1.34e+00  7.84e-02  4.59e-03  1.34e+00  5.41e-03  8.90e-01  
 10   1.1656e+00   1.1656e+00  7.18e-06  2.98e-06  2.09e-07  8.38e-06  2.55e-07  9.74e-01  
  5   4.6656e-01   8.8980e-01  4.23e-01  2.45e-02  1.51e-03  4.23e-01  1.79e-03  6.84e-01  
 11   1.1656e+00   1.1656e+00  3.48e-07  1.46e-07  1.02e-08  4.06e-07  1.24e-08  9.51e-01  
---------------------------------------------------------------------------------------------
Terminated with status = solved
total time =   273s (setup time =   148s, solve time =   110s)
TABLE5_SOLVE_RESULT solver=cuclarabel instance=table5-m70000-n700000-r01 termination=OPTIMAL primal_status=FEASIBLE_POINT iterations=11 objective=1.1655836939490425 optimize_wall_seconds=290.7595751285553
TABLE5_SOLVE_FINISH solver=cuclarabel instance=table5-m70000-n700000-r01 status=completed result=/home/zhenwei/PDCS_fork/benchmark/large_scale_lasso/table5_solver_results/cuclarabel/table5-m70000-n700000-r01/attempt_20260729T195705Z_gpu5/result.toml
  6   8.6513e-01   1.0531e+00  1.88e-01  1.34e-02  8.48e-04  1.88e-01  1.02e-03  5.56e-01  
RESOURCE_SNAPSHOT label=solve_cuclarabel_table5-m70000-n700000-r01 utc=2026-07-29T20:24:30Z
               total        used        free      shared  buff/cache   available
Mem:           2.0Ti       143Gi       400Gi        79Mi       1.4Ti       1.8Ti
Swap:             0B          0B          0B
Filesystem                    Size  Used Avail Use% Mounted on
/dev/mapper/ubuntu--vg-lv--0  778G  726G   13G  99% /home
SOLVE_CASE_COMPLETE solver=cuclarabel id=table5-m70000-n700000-r01 utc=2026-07-29T20:24:30Z
GPU_PREFLIGHT 5, GPU-84fc7112-00ba-4e9e-0a3b-615cd5f7d9c2, NVIDIA H100 80GB HBM3, 0, 81081, 0
SOLVE_CASE_START solver=cupdcs id=table5-m400000-n7000000-r02 gpu=5 utc=2026-07-29T20:24:30Z
  7   1.0775e+00   1.1369e+00  5.51e-02  5.44e-03  3.53e-04  5.93e-02  4.27e-04  6.84e-01  
  8   1.1569e+00   1.1642e+00  6.30e-03  1.27e-03  8.39e-05  7.29e-03  1.02e-04  8.77e-01  
    CondaPkg Found dependencies: /home/zhenwei/PDCS_fork/.julia-depot/packages/PythonCall/5WGSP/CondaPkg.toml
    CondaPkg Found dependencies: /home/zhenwei/PDCS_fork/.julia-depot/packages/CondaPkg/lKlVY/CondaPkg.toml
    CondaPkg Resolving changes
             ~ libstdcxx
             ~ libstdcxx-ng
             ~ openssl
             ~ python
  9   1.1674e+00   1.1676e+00  1.61e-04  6.41e-05  4.26e-06  1.89e-04  5.18e-06  9.74e-01  
    CondaPkg Initialising pixi
             │ /home/zhenwei/PDCS_fork/.julia-depot/artifacts/4ae17cee0bd922f66b2c72bf2f01c22481a5ec19/bin/pixi
             │ init
             │ --format pixi
             └ /home/zhenwei/PDCS_fork/.CondaPkg
✔ Created /home/zhenwei/PDCS_fork/.CondaPkg/pixi.toml
    CondaPkg Wrote /home/zhenwei/PDCS_fork/.CondaPkg/pixi.toml
             │ [dependencies]
             │ openssl = ">=3, <3.6"
             │ libstdcxx = ">=3.4,<15.0"
             │ libstdcxx-ng = ">=3.4,<15.0"
             │ 
             │     [dependencies.python]
             │     channel = "conda-forge"
             │     build = "*cp*"
             │     version = ">=3.10,!=3.14.0,!=3.14.1,<4"
             │ 
             │ [workspace]
             │ name = ".CondaPkg"
             │ platforms = ["linux-64"]
             │ channels = ["conda-forge"]
             │ channel-priority = "strict"
             └ description = "automatically generated by CondaPkg.jl"
    CondaPkg Installing packages
             │ /home/zhenwei/PDCS_fork/.julia-depot/artifacts/4ae17cee0bd922f66b2c72bf2f01c22481a5ec19/bin/pixi
             │ install
             └ --manifest-path /home/zhenwei/PDCS_fork/.CondaPkg/pixi.toml
✔ The default environment has been installed.
 10   1.1676e+00   1.1676e+00  4.41e-06  1.75e-06  1.16e-07  5.15e-06  1.42e-07  9.73e-01  
TABLE5_SOLVE_START solver=cupdcs instance=table5-m400000-n7000000-r02 m=400000 n=7000000 density=0.0001 seed=6916851584803374380 tolerance=1.0e-6 time_limit=600.0
 11   1.1676e+00   1.1676e+00  1.72e-07  6.88e-08  4.57e-09  2.01e-07  5.56e-09  9.61e-01  
---------------------------------------------------------------------------------------------
Terminated with status = solved
total time =   273s (setup time =   148s, solve time =   111s)
TABLE5_SOLVE_RESULT solver=cuclarabel instance=table5-m70000-n700000-r02 termination=OPTIMAL primal_status=FEASIBLE_POINT iterations=11 objective=1.167637701344788 optimize_wall_seconds=290.8936171531677
TABLE5_SOLVE_FINISH solver=cuclarabel instance=table5-m70000-n700000-r02 status=completed result=/home/zhenwei/PDCS_fork/benchmark/large_scale_lasso/table5_solver_results/cuclarabel/table5-m70000-n700000-r02/attempt_20260729T195705Z_gpu6/result.toml
RESOURCE_SNAPSHOT label=solve_cuclarabel_table5-m70000-n700000-r02 utc=2026-07-29T20:25:05Z
               total        used        free      shared  buff/cache   available
Mem:           2.0Ti       150Gi       393Gi        66Mi       1.4Ti       1.8Ti
Swap:             0B          0B          0B
Filesystem                    Size  Used Avail Use% Mounted on
/dev/mapper/ubuntu--vg-lv--0  778G  726G   13G  99% /home
SOLVE_CASE_COMPLETE solver=cuclarabel id=table5-m70000-n700000-r02 utc=2026-07-29T20:25:05Z
GPU_PREFLIGHT 6, GPU-790986fa-7e8a-1825-d49a-9b2ba1c63325, NVIDIA H100 80GB HBM3, 0, 81081, 0
SOLVE_CASE_START solver=cupdcs id=table5-m400000-n7000000-r03 gpu=6 utc=2026-07-29T20:25:05Z
TABLE5_SOLVE_START solver=cupdcs instance=table5-m400000-n7000000-r03 m=400000 n=7000000 density=0.0001 seed=2252237519727520935 tolerance=1.0e-6 time_limit=600.0
TABLE5_INSTANCE_READY instance=table5-m400000-n7000000-r02 nnz=279995382 lambda=0.09612647003185924 numerical_digest=b584efe758a07418b6093cc720241d115c783098ccdaae6b1a4e01c29a6633c6 model_digest=aca76b60eac09f8d209da37a0ff2c616fa8b3f1bf0f327ec7122082ab5d27136 generation_seconds=57.516541957855225
TABLE5_INSTANCE_READY instance=table5-m400000-n7000000-r03 nnz=280028037 lambda=0.09383139571165827 numerical_digest=dbd9feacaead4253e64bcf40d3a39c41543a723462009c411a4f5d0c1441ed32 model_digest=f83571cffb4c6a593fe7dc96ce822ab2d52e77b51f416d6369087859da64839d generation_seconds=58.69190311431885
------------------------------------------------------------------
	       SCS v3.2.11 - Splitting Conic Solver
	(c) Brendan O'Donoghue, Stanford University, 2012
------------------------------------------------------------------
problem:  variables n: 1470004, constraints m: 1540005
cones: 	  z: primal zero / dual free vars: 70003
	  l: linear vars: 1400000
	  q: soc vars: 70002, qsize: 1
settings: eps_abs: 1.0e-06, eps_rel: 1.0e-06, eps_infeas: 1.0e-07
	  alpha: 1.50, scale: 1.00e-01, adaptive_scale: 1
	  max_iters: 100000, normalize: 1, rho_x: 1.00e-06
	  acceleration_lookback: 10, acceleration_interval: 10
	  time_limit_secs: 6.00e+02
	  compiled with openmp parallelization enabled
lin-sys:  sparse-indirect GPU
	  nnz(A): 11339887, nnz(P): 0
------------------------------------------------------------------
 iter | pri res | dua res |   gap   |   obj   |  scale  | time (s)
------------------------------------------------------------------
     0| 2.83e+01  2.00e+00  6.59e+04 -3.30e+04  1.00e-01  1.14e+03 
------------------------------------------------------------------
status:  solved (inaccurate - reached time_limit_secs)
timings: total: 1.14e+03s = setup: 3.38e+00s + solve: 1.13e+03s
	 lin-sys: 4.03e-02s, cones: 1.80e-02s, accel: 6.10e-08s
------------------------------------------------------------------
objective = -32963.049658 (inaccurate)
------------------------------------------------------------------
TABLE5_SOLVE_RESULT solver=scs_gpu instance=table5-m70000-n700000-r04 termination=TIME_LIMIT primal_status=FEASIBLE_POINT iterations=0 objective=-65926.30371813866 optimize_wall_seconds=1143.9490377902985
TABLE5_SOLVE_FINISH solver=scs_gpu instance=table5-m70000-n700000-r04 status=completed result=/home/zhenwei/PDCS_fork/benchmark/large_scale_lasso/table5_solver_results/scs_gpu/table5-m70000-n700000-r04/attempt_20260729T195705Z_gpu2/result.toml
RESOURCE_SNAPSHOT label=solve_scs_gpu_table5-m70000-n700000-r04 utc=2026-07-29T20:36:28Z
               total        used        free      shared  buff/cache   available
Mem:           2.0Ti       375Gi       200Gi        75Mi       1.4Ti       1.6Ti
Swap:             0B          0B          0B
Filesystem                    Size  Used Avail Use% Mounted on
/dev/mapper/ubuntu--vg-lv--0  778G  726G   13G  99% /home
SOLVE_CASE_COMPLETE solver=scs_gpu id=table5-m70000-n700000-r04 utc=2026-07-29T20:36:28Z
GPU_PREFLIGHT 2, GPU-28d7051d-27e3-48ab-6616-6771b0a9e050, NVIDIA H100 80GB HBM3, 0, 81081, 0
SOLVE_CASE_START solver=cuclarabel id=table5-m70000-n700000-r04 gpu=2 utc=2026-07-29T20:36:28Z
------------------------------------------------------------------
	       SCS v3.2.11 - Splitting Conic Solver
	(c) Brendan O'Donoghue, Stanford University, 2012
------------------------------------------------------------------
problem:  variables n: 1470004, constraints m: 1540005
cones: 	  z: primal zero / dual free vars: 70003
	  l: linear vars: 1400000
	  q: soc vars: 70002, qsize: 1
settings: eps_abs: 1.0e-06, eps_rel: 1.0e-06, eps_infeas: 1.0e-07
	  alpha: 1.50, scale: 1.00e-01, adaptive_scale: 1
	  max_iters: 100000, normalize: 1, rho_x: 1.00e-06
	  acceleration_lookback: 10, acceleration_interval: 10
	  time_limit_secs: 6.00e+02
	  compiled with openmp parallelization enabled
lin-sys:  sparse-indirect GPU
	  nnz(A): 11348451, nnz(P): 0
------------------------------------------------------------------
 iter | pri res | dua res |   gap   |   obj   |  scale  | time (s)
------------------------------------------------------------------
     0| 2.83e+01  2.00e+00  5.64e+04 -2.82e+04  1.00e-01  1.13e+03 
------------------------------------------------------------------
status:  solved (inaccurate - reached time_limit_secs)
timings: total: 1.13e+03s = setup: 3.42e+00s + solve: 1.13e+03s
	 lin-sys: 3.49e-02s, cones: 2.14e-02s, accel: 6.08e-07s
------------------------------------------------------------------
objective = -28197.081701 (inaccurate)
------------------------------------------------------------------
TABLE5_SOLVE_RESULT solver=scs_gpu instance=table5-m70000-n700000-r03 termination=TIME_LIMIT primal_status=FEASIBLE_POINT iterations=0 objective=-56394.36774572654 optimize_wall_seconds=1144.1542840003967
TABLE5_SOLVE_FINISH solver=scs_gpu instance=table5-m70000-n700000-r03 status=completed result=/home/zhenwei/PDCS_fork/benchmark/large_scale_lasso/table5_solver_results/scs_gpu/table5-m70000-n700000-r03/attempt_20260729T195705Z_gpu1/result.toml
RESOURCE_SNAPSHOT label=solve_scs_gpu_table5-m70000-n700000-r03 utc=2026-07-29T20:36:34Z
               total        used        free      shared  buff/cache   available
Mem:           2.0Ti       373Gi       202Gi        66Mi       1.4Ti       1.6Ti
Swap:             0B          0B          0B
Filesystem                    Size  Used Avail Use% Mounted on
/dev/mapper/ubuntu--vg-lv--0  778G  726G   13G  99% /home
SOLVE_CASE_COMPLETE solver=scs_gpu id=table5-m70000-n700000-r03 utc=2026-07-29T20:36:34Z
GPU_PREFLIGHT 1, GPU-1a06a313-b094-618b-9f24-8ccf7885ac5b, NVIDIA H100 80GB HBM3, 0, 81081, 1
SOLVE_CASE_START solver=cuclarabel id=table5-m70000-n700000-r03 gpu=1 utc=2026-07-29T20:36:34Z
TABLE5_SOLVE_START solver=cuclarabel instance=table5-m70000-n700000-r04 m=70000 n=700000 density=0.0001 seed=5050833866237992834 tolerance=1.0e-6 time_limit=600.0
TABLE5_INSTANCE_READY instance=table5-m70000-n700000-r04 nnz=4899939 lambda=0.0484942417627286 numerical_digest=aa0b5ec27bb5a37bbbef284f9f87437232cc609678d1b5351c5737423b955507 model_digest=e3d5739ac60fe5d0804eb578582b555218396798d7177a3381e0426274738d26 generation_seconds=2.948941946029663
TABLE5_SOLVE_START solver=cuclarabel instance=table5-m70000-n700000-r03 m=70000 n=700000 density=0.0001 seed=6230819915418504357 tolerance=1.0e-6 time_limit=600.0
TABLE5_INSTANCE_READY instance=table5-m70000-n700000-r03 nnz=4904221 lambda=0.04484706362751911 numerical_digest=c289e22ee1cac3b81efe7c7772bb5a3d29f983b6381b890de00aa51ef5fb7cd4 model_digest=0a89990f787bf080987fe82393da22d71ab2bbad87ef744139779110a60abb23 generation_seconds=3.0330100059509277
------------------------------------------------------------------
	       SCS v3.2.11 - Splitting Conic Solver
	(c) Brendan O'Donoghue, Stanford University, 2012
------------------------------------------------------------------
problem:  variables n: 1470004, constraints m: 1540005
cones: 	  z: primal zero / dual free vars: 70003
	  l: linear vars: 1400000
	  q: soc vars: 70002, qsize: 1
settings: eps_abs: 1.0e-06, eps_rel: 1.0e-06, eps_infeas: 1.0e-07
	  alpha: 1.50, scale: 1.00e-01, adaptive_scale: 1
	  max_iters: 100000, normalize: 1, rho_x: 1.00e-06
	  acceleration_lookback: 10, acceleration_interval: 10
	  time_limit_secs: 6.00e+02
	  compiled with openmp parallelization enabled
lin-sys:  sparse-indirect GPU
	  nnz(A): 11341947, nnz(P): 0
------------------------------------------------------------------
 iter | pri res | dua res |   gap   |   obj   |  scale  | time (s)
------------------------------------------------------------------
     0| 2.83e+01  2.00e+00  6.45e+04 -3.23e+04  1.00e-01  1.16e+03 
------------------------------------------------------------------
status:  solved (inaccurate - reached time_limit_secs)
timings: total: 1.16e+03s = setup: 3.38e+00s + solve: 1.16e+03s
	 lin-sys: 3.72e-02s, cones: 1.80e-02s, accel: 5.10e-08s
------------------------------------------------------------------
objective = -32267.309379 (inaccurate)
------------------------------------------------------------------
TABLE5_SOLVE_RESULT solver=scs_gpu instance=table5-m70000-n700000-r05 termination=TIME_LIMIT primal_status=FEASIBLE_POINT iterations=0 objective=-64534.82313572808 optimize_wall_seconds=1168.7001388072968
TABLE5_SOLVE_FINISH solver=scs_gpu instance=table5-m70000-n700000-r05 status=completed result=/home/zhenwei/PDCS_fork/benchmark/large_scale_lasso/table5_solver_results/scs_gpu/table5-m70000-n700000-r05/attempt_20260729T195705Z_gpu3/result.toml
RESOURCE_SNAPSHOT label=solve_scs_gpu_table5-m70000-n700000-r05 utc=2026-07-29T20:37:02Z
               total        used        free      shared  buff/cache   available
Mem:           2.0Ti       368Gi       207Gi        75Mi       1.4Ti       1.6Ti
Swap:             0B          0B          0B
Filesystem                    Size  Used Avail Use% Mounted on
/dev/mapper/ubuntu--vg-lv--0  778G  726G   13G  99% /home
SOLVE_CASE_COMPLETE solver=scs_gpu id=table5-m70000-n700000-r05 utc=2026-07-29T20:37:02Z
GPU_PREFLIGHT 3, GPU-22f89f46-9219-a475-fe40-bba785517158, NVIDIA H100 80GB HBM3, 0, 81081, 0
SOLVE_CASE_START solver=cuclarabel id=table5-m70000-n700000-r05 gpu=3 utc=2026-07-29T20:37:02Z
TABLE5_SOLVE_START solver=cuclarabel instance=table5-m70000-n700000-r05 m=70000 n=700000 density=0.0001 seed=3478211357477831271 tolerance=1.0e-6 time_limit=600.0
TABLE5_INSTANCE_READY instance=table5-m70000-n700000-r05 nnz=4900969 lambda=0.04797910888477588 numerical_digest=ed0b21b8debd70178485af9c352b577e80bcb200ff5ee7c84d44e3917cbf2dd2 model_digest=104daa536b6cfee1a9678548cb630152bb8e2f201ec2b6edd4826af35343316d generation_seconds=3.0222768783569336
rescaling_method is not set, using default value: :ruiz_pock_chambolle. Note that if :use_scaling is false, this option is ignored.
kkt_restart_freq is not set, using default value: 500.
duality_gap_restart_freq is not set, using default value: 2000.
[ Info: logfile is set to nothing
[ Info: ---------------------------------------------------
[ Info: ------------- Parameter Info Summary --------------
[ Info: ---------------------------------------------------
[ Info: time limit: 600.0
[ Info: use_preconditioner: true
[ Info: use_adaptive_restart: true
[ Info: use_adaptive_step_size_weight: true
[ Info: use_aggressive: true
[ Info: use_restart: true
[ Info: use_adaptive_step: true
[ Info: use_reflection: true
[ Info: use_halpern: true
[ Info: use_resolving: true
[ Info: use_duality_gap_restart: true
[ Info: duality_gap_restart_freq: 2000
[ Info: use_kkt_restart: false
[ Info: kkt_restart_freq: 2000
[ Info: abs_tol: 1.0e-6
[ Info: rel_tol: 1.0e-6
[ Info: eps_primal_infeasible_low_acc: 1.0e-12
[ Info: eps_dual_infeasible_low_acc: 1.0e-12
[ Info: eps_primal_infeasible_high_acc: 1.0e-16
[ Info: eps_dual_infeasible_high_acc: 1.0e-16
[ Info: print_freq: 1000
[ Info: check_terminate_freq: 1000
[ Info: ---------------------------------------------------
[ Info: ------------- Model Info Summary -----------------
[ Info: ---------------------------------------------------
[ Info: variable number: 14400004
[ Info: constraint number: 14800005
[ Info: non-zero elements in G: 574745953
[ Info: Number of box constraints: 14400004
[ Info: Number of equal constraints: 400003
[ Info: Number of nonnegative constraints: 14000000
[ Info: Number of soc cone constraints: 1
[ Info: Number of rsoc cone constraints: 0
[ Info: Number of exp cone constraints: 0
[ Info: Number of dual exp cone constraints: 0
[ Info: Number of soc cone variables: 0
[ Info: Number of rsoc cone variables: 0
[ Info: Number of exp cone variables: 0
[ Info: Number of dual exp cone variables: 0
[ Info: ---------------------------------------------------
[ Info: Using preconditioner
[ Info: Warm start not enabled. Ignoring warm start values.
[ Info: Initializing primal and dual variables to zero.
-------------------------------------------------------------
           Clarabel.jl v0.11.0  -  Clever Acronym              

                   (c) Paul Goulart                          
                University of Oxford, 2022                   
-------------------------------------------------------------

problem:
  variables     = 1470004
  constraints   = 1540005
  nnz(P)        = 0
  nnz(A)        = 11339887
  cones (total) = 3
    : Zero        = 1,  numel = 70003
    : Nonnegative = 1,  numel = 1400000
    : SecondOrder = 1,  numel = 70002

settings:
  linear algebra: direct / cudss, precision: 64 bit 
  max iter = 200, time limit = 600.000000,  max step = 0.990
  tol_feas = 1.0e-06, tol_gap_abs = 1.0e-06, tol_gap_rel = 1.0e-06,
  static reg : on, ϵ1 = 1.0e-08, ϵ2 = 4.9e-32
  dynamic reg: on, ϵ = 1.0e-13, δ = 2.0e-07
  iter refine: on, reltol = 1.0e-12, abstol = 1.0e-12, 
               max iter = 10, stop ratio = 5.0
  equilibrate: on, min_scale = 1.0e-04, max_scale = 1.0e+04
               max iter = 10

iter    pcost        dcost       gap       pres      dres      k/t        μ       step      
---------------------------------------------------------------------------------------------
-------------------------------------------------------------
           Clarabel.jl v0.11.0  -  Clever Acronym              

                   (c) Paul Goulart                          
                University of Oxford, 2022                   
-------------------------------------------------------------

problem:
  variables     = 1470004
  constraints   = 1540005
  nnz(P)        = 0
  nnz(A)        = 11348451
  cones (total) = 3
    : Zero        = 1,  numel = 70003
    : Nonnegative = 1,  numel = 1400000
    : SecondOrder = 1,  numel = 70002

settings:
  linear algebra: direct / cudss, precision: 64 bit 
  max iter = 200, time limit = 600.000000,  max step = 0.990
  tol_feas = 1.0e-06, tol_gap_abs = 1.0e-06, tol_gap_rel = 1.0e-06,
  static reg : on, ϵ1 = 1.0e-08, ϵ2 = 4.9e-32
  dynamic reg: on, ϵ = 1.0e-13, δ = 2.0e-07
  iter refine: on, reltol = 1.0e-12, abstol = 1.0e-12, 
               max iter = 10, stop ratio = 5.0
  equilibrate: on, min_scale = 1.0e-04, max_scale = 1.0e+04
               max iter = 10

iter    pcost        dcost       gap       pres      dres      k/t        μ       step      
---------------------------------------------------------------------------------------------
[ Info: initial nrm1G: 2.94772483977096e8, initial nrmInfG: 1.0
[ Info: initial nrm1c: 1.2136215017045564e6
[ Info: initial nrm1h: 1301.6718767436678
[ Info: initial nrmInfc: 2.0
  0   1.3010e-18  -4.0688e-16  4.08e-16  9.98e-01  9.51e-01  1.00e+00  1.05e+00   ------   
  0   4.3368e-19  -4.0305e-16  4.03e-16  9.98e-01  9.54e-01  1.00e+00  1.05e+00   ------   
[ Info: max Dr_product:6.675311572794786
[ Info: norm Dr_product:17168.939500249307
[ Info: max Dl_product:29.122545167055595
[ Info: norm Dl_product:17168.9395293421
[ Info: after scaling, norm1 c: 267966.27391077776
[ Info: after scaling, normInf c: 1.9996615778638578
[ Info: after scaling, norm1 G: 5.681294716296238e6
  1  -5.6388e+00  -8.6773e-01  4.77e+00  9.87e-01  8.17e-01  5.00e+00  9.12e-01  9.90e-01  
-------------------------------------------------------------
           Clarabel.jl v0.11.0  -  Clever Acronym              

                   (c) Paul Goulart                          
                University of Oxford, 2022                   
-------------------------------------------------------------

problem:
  variables     = 1470004
  constraints   = 1540005
  nnz(P)        = 0
  nnz(A)        = 11341947
  cones (total) = 3
    : Zero        = 1,  numel = 70003
    : Nonnegative = 1,  numel = 1400000
    : SecondOrder = 1,  numel = 70002

settings:
  linear algebra: direct / cudss, precision: 64 bit 
  max iter = 200, time limit = 600.000000,  max step = 0.990
  tol_feas = 1.0e-06, tol_gap_abs = 1.0e-06, tol_gap_rel = 1.0e-06,
  static reg : on, ϵ1 = 1.0e-08, ϵ2 = 4.9e-32
  dynamic reg: on, ϵ = 1.0e-13, δ = 2.0e-07
  iter refine: on, reltol = 1.0e-12, abstol = 1.0e-12, 
               max iter = 10, stop ratio = 5.0
  equilibrate: on, min_scale = 1.0e-04, max_scale = 1.0e+04
               max iter = 10

iter    pcost        dcost       gap       pres      dres      k/t        μ       step      
---------------------------------------------------------------------------------------------
  1  -6.1460e+00  -9.6605e-01  5.18e+00  9.87e-01  8.27e-01  5.41e+00  9.18e-01  9.90e-01  
  2  -4.6743e+01  -5.9884e+00  6.81e+00  7.36e-01  3.97e-01  4.08e+01  5.21e-01  9.90e-01  
  3  -1.9576e+01  -2.1535e+00  8.09e+00  2.21e-01  4.26e-02  1.74e+01  5.44e-02  9.90e-01  
  2  -5.7786e+01  -7.5078e+00  6.70e+00  6.95e-01  4.00e-01  5.03e+01  5.46e-01  9.90e-01  
  4  -1.6840e+00   3.4277e-01  2.03e+00  8.81e-02  5.77e-03  2.03e+00  6.79e-03  8.81e-01  
  3  -2.7007e+01  -3.0658e+00  7.81e+00  1.84e-01  4.77e-02  2.39e+01  6.40e-02  9.90e-01  
  0   8.6736e-19  -4.0402e-16  4.05e-16  9.98e-01  9.52e-01  1.00e+00  1.05e+00   ------   
  5   4.1480e-01   8.8922e-01  4.74e-01  2.10e-02  1.40e-03  4.74e-01  1.66e-03  7.65e-01  
  4  -2.5108e+00   2.1535e-01  2.73e+00  9.00e-02  6.69e-03  2.73e+00  7.88e-03  8.83e-01  
  6   8.3470e-01   1.0457e+00  2.11e-01  1.22e-02  8.32e-04  2.11e-01  9.97e-04  5.55e-01  
  5   6.7466e-02   8.0812e-01  7.41e-01  2.62e-02  1.88e-03  7.41e-01  2.23e-03  7.27e-01  
  7   1.0687e+00   1.1326e+00  5.97e-02  5.42e-03  3.76e-04  6.38e-02  4.55e-04  6.97e-01  
  6   6.4106e-01   9.8045e-01  3.39e-01  1.48e-02  1.08e-03  3.39e-01  1.29e-03  5.42e-01  
  8   1.1538e+00   1.1626e+00  7.65e-03  1.20e-03  8.42e-05  8.83e-03  1.02e-04  8.62e-01  
  7   9.3903e-01   1.0777e+00  1.39e-01  7.71e-03  5.69e-04  1.39e-01  6.86e-04  5.91e-01  
  9   1.1665e+00   1.1667e+00  1.26e-04  6.30e-05  4.46e-06  1.47e-04  5.43e-06  9.83e-01  
  1  -5.7060e+00  -8.8087e-01  4.83e+00  9.87e-01  8.18e-01  5.06e+00  9.13e-01  9.90e-01  
  8   1.0961e+00   1.1305e+00  3.14e-02  3.05e-03  2.27e-04  3.45e-02  2.76e-04  7.51e-01  
 10   1.1667e+00   1.1667e+00  3.21e-06  1.62e-06  1.14e-07  3.75e-06  1.39e-07  9.74e-01  
  2  -4.8131e+01  -6.1791e+00  6.79e+00  7.31e-01  3.97e-01  4.20e+01  5.25e-01  9.90e-01  
 11   1.1667e+00   1.1667e+00  2.67e-07  1.40e-07  9.90e-09  3.12e-07  1.20e-08  9.17e-01  
  9   1.1377e+00   1.1453e+00  6.64e-03  8.90e-04  6.67e-05  7.56e-03  8.12e-05  7.81e-01  
---------------------------------------------------------------------------------------------
Terminated with status = solved
total time =   262s (setup time =   149s, solve time =  97.0s)
TABLE5_SOLVE_RESULT solver=cuclarabel instance=table5-m70000-n700000-r04 termination=OPTIMAL primal_status=FEASIBLE_POINT iterations=11 objective=1.1667224736920676 optimize_wall_seconds=279.29448986053467
TABLE5_SOLVE_FINISH solver=cuclarabel instance=table5-m70000-n700000-r04 status=completed result=/home/zhenwei/PDCS_fork/benchmark/large_scale_lasso/table5_solver_results/cuclarabel/table5-m70000-n700000-r04/attempt_20260729T195705Z_gpu2/result.toml
  3  -2.0496e+01  -2.2665e+00  8.04e+00  2.16e-01  4.34e-02  1.82e+01  5.57e-02  9.90e-01  
RESOURCE_SNAPSHOT label=solve_cuclarabel_table5-m70000-n700000-r04 utc=2026-07-29T20:41:43Z
               total        used        free      shared  buff/cache   available
Mem:           2.0Ti       410Gi       177Gi        91Mi       1.4Ti       1.6Ti
Swap:             0B          0B          0B
Filesystem                    Size  Used Avail Use% Mounted on
/dev/mapper/ubuntu--vg-lv--0  778G  726G   13G  99% /home
SOLVE_CASE_COMPLETE solver=cuclarabel id=table5-m70000-n700000-r04 utc=2026-07-29T20:41:43Z
GPU_PREFLIGHT 2, GPU-28d7051d-27e3-48ab-6616-6771b0a9e050, NVIDIA H100 80GB HBM3, 0, 81081, 0
SOLVE_CASE_START solver=cupdcs id=table5-m400000-n7000000-r05 gpu=2 utc=2026-07-29T20:41:43Z
 10   1.1491e+00   1.1493e+00  2.16e-04  5.79e-05  4.36e-06  2.49e-04  5.31e-06  9.67e-01  
  4  -1.7459e+00   3.3076e-01  2.08e+00  8.77e-02  5.82e-03  2.08e+00  6.85e-03  8.83e-01  
 11   1.1494e+00   1.1495e+00  9.84e-06  2.71e-06  2.03e-07  1.13e-05  2.48e-07  9.55e-01  
  5   3.3999e-01   8.6856e-01  5.29e-01  2.27e-02  1.52e-03  5.29e-01  1.81e-03  7.45e-01  
    CondaPkg Found dependencies: /home/zhenwei/PDCS_fork/.julia-depot/packages/PythonCall/5WGSP/CondaPkg.toml
    CondaPkg Found dependencies: /home/zhenwei/PDCS_fork/.julia-depot/packages/CondaPkg/lKlVY/CondaPkg.toml
 12   1.1495e+00   1.1495e+00  2.95e-07  8.20e-08  6.17e-09  3.40e-07  7.52e-09  9.70e-01  
---------------------------------------------------------------------------------------------
Terminated with status = solved
total time =   273s (setup time =   146s, solve time =   112s)
TABLE5_SOLVE_RESULT solver=cuclarabel instance=table5-m70000-n700000-r03 termination=OPTIMAL primal_status=FEASIBLE_POINT iterations=12 objective=1.1494563936440874 optimize_wall_seconds=291.93250703811646
    CondaPkg Resolving changes
             ~ libstdcxx
             ~ libstdcxx-ng
             ~ openssl
             ~ python
TABLE5_SOLVE_FINISH solver=cuclarabel instance=table5-m70000-n700000-r03 status=completed result=/home/zhenwei/PDCS_fork/benchmark/large_scale_lasso/table5_solver_results/cuclarabel/table5-m70000-n700000-r03/attempt_20260729T195705Z_gpu1/result.toml
  6   8.0277e-01   1.0333e+00  2.31e-01  1.26e-02  8.63e-04  2.31e-01  1.03e-03  5.64e-01  
    CondaPkg Initialising pixi
             │ /home/zhenwei/PDCS_fork/.julia-depot/artifacts/4ae17cee0bd922f66b2c72bf2f01c22481a5ec19/bin/pixi
             │ init
             │ --format pixi
             └ /home/zhenwei/PDCS_fork/.CondaPkg
✔ Created /home/zhenwei/PDCS_fork/.CondaPkg/pixi.toml
    CondaPkg Wrote /home/zhenwei/PDCS_fork/.CondaPkg/pixi.toml
             │ [dependencies]
             │ openssl = ">=3, <3.6"
             │ libstdcxx = ">=3.4,<15.0"
             │ libstdcxx-ng = ">=3.4,<15.0"
             │ 
             │     [dependencies.python]
             │     channel = "conda-forge"
             │     build = "*cp*"
             │     version = ">=3.10,!=3.14.0,!=3.14.1,<4"
             │ 
             │ [workspace]
             │ name = ".CondaPkg"
             │ platforms = ["linux-64"]
             │ channels = ["conda-forge"]
             │ channel-priority = "strict"
             └ description = "automatically generated by CondaPkg.jl"
    CondaPkg Installing packages
             │ /home/zhenwei/PDCS_fork/.julia-depot/artifacts/4ae17cee0bd922f66b2c72bf2f01c22481a5ec19/bin/pixi
             │ install
             └ --manifest-path /home/zhenwei/PDCS_fork/.CondaPkg/pixi.toml
✔ The default environment has been installed.
RESOURCE_SNAPSHOT label=solve_cuclarabel_table5-m70000-n700000-r03 utc=2026-07-29T20:42:03Z
               total        used        free      shared  buff/cache   available
Mem:           2.0Ti       416Gi       171Gi        79Mi       1.4Ti       1.5Ti
Swap:             0B          0B          0B
Filesystem                    Size  Used Avail Use% Mounted on
/dev/mapper/ubuntu--vg-lv--0  778G  726G   13G  99% /home
SOLVE_CASE_COMPLETE solver=cuclarabel id=table5-m70000-n700000-r03 utc=2026-07-29T20:42:03Z
GPU_PREFLIGHT 1, GPU-1a06a313-b094-618b-9f24-8ccf7885ac5b, NVIDIA H100 80GB HBM3, 0, 81081, 0
SOLVE_CASE_START solver=cupdcs id=table5-m400000-n7000000-r04 gpu=1 utc=2026-07-29T20:42:04Z
  7   1.0497e+00   1.1236e+00  7.04e-02  5.61e-03  3.93e-04  7.39e-02  4.75e-04  6.79e-01  
TABLE5_SOLVE_START solver=cupdcs instance=table5-m400000-n7000000-r05 m=400000 n=7000000 density=0.0001 seed=1459784771767232267 tolerance=1.0e-6 time_limit=600.0
  8   1.1524e+00   1.1594e+00  6.14e-03  1.55e-03  1.10e-04  7.08e-03  1.33e-04  9.04e-01  
[ Info: after scaling, normInf G: 0.7071067811865475
[ Info: iter:0 rel_p_res(inf):5.000e-01 rel_d_res(inf):6.667e-01 primal_obj:0.000e+00 dual_obj:0.000e+00 rel_pd_gap:0.000e+00 time:0.00 restart_used:0
[ Info: ==================================================
[ Info: Start unified diagonal GPU loop for the ablation-compatible production path.
[ Info: iter:0 rel_p_res(inf):5.000e-01 rel_d_res(inf):6.667e-01 primal_obj:0.000e+00 dual_obj:0.000e+00 rel_pd_gap:0.000e+00 time:3.63 restart_used:0
  9   1.1634e+00   1.1635e+00  1.24e-04  9.84e-05  7.02e-06  1.44e-04  8.54e-06  9.80e-01  
TABLE5_SOLVE_START solver=cupdcs instance=table5-m400000-n7000000-r04 m=400000 n=7000000 density=0.0001 seed=9202490041639810005 tolerance=1.0e-6 time_limit=600.0
 10   1.1636e+00   1.1636e+00  2.97e-06  2.40e-06  1.71e-07  3.46e-06  2.08e-07  9.76e-01  
 11   1.1636e+00   1.1636e+00  2.69e-07  2.26e-07  1.62e-08  3.14e-07  1.97e-08  9.09e-01  
---------------------------------------------------------------------------------------------
Terminated with status = solved
total time =   278s (setup time =   152s, solve time =   110s)
TABLE5_SOLVE_RESULT solver=cuclarabel instance=table5-m70000-n700000-r05 termination=OPTIMAL primal_status=FEASIBLE_POINT iterations=11 objective=1.1635734357840413 optimize_wall_seconds=297.0725860595703
TABLE5_SOLVE_FINISH solver=cuclarabel instance=table5-m70000-n700000-r05 status=completed result=/home/zhenwei/PDCS_fork/benchmark/large_scale_lasso/table5_solver_results/cuclarabel/table5-m70000-n700000-r05/attempt_20260729T195705Z_gpu3/result.toml
RESOURCE_SNAPSHOT label=solve_cuclarabel_table5-m70000-n700000-r05 utc=2026-07-29T20:42:39Z
               total        used        free      shared  buff/cache   available
Mem:           2.0Ti       421Gi       166Gi        74Mi       1.4Ti       1.5Ti
Swap:             0B          0B          0B
Filesystem                    Size  Used Avail Use% Mounted on
/dev/mapper/ubuntu--vg-lv--0  778G  726G   13G  99% /home
SOLVE_CASE_COMPLETE solver=cuclarabel id=table5-m70000-n700000-r05 utc=2026-07-29T20:42:39Z
GPU_PREFLIGHT 3, GPU-22f89f46-9219-a475-fe40-bba785517158, NVIDIA H100 80GB HBM3, 0, 81081, 0
SOLVE_CASE_START solver=cupdcs id=table5-m700000-n7000000-r01 gpu=3 utc=2026-07-29T20:42:39Z
TABLE5_SOLVE_START solver=cupdcs instance=table5-m700000-n7000000-r01 m=700000 n=7000000 density=0.0001 seed=2694979877904449328 tolerance=1.0e-6 time_limit=600.0
TABLE5_INSTANCE_READY instance=table5-m400000-n7000000-r05 nnz=280000120 lambda=0.09952751335115233 numerical_digest=0b0c76bef477cf747dad0a404269280e19ccd0dac4567e83e1a0747af97b5bd5 model_digest=18ea90538610e3086b2d190af7232286ee825606a66a2c231cb482047cceedad generation_seconds=61.75396203994751
TABLE5_INSTANCE_READY instance=table5-m400000-n7000000-r04 nnz=279981174 lambda=0.09482065892406456 numerical_digest=1e6bc31a3be695d80b66538deb54930a1f0d4ff73c4490a7ed8d8da29eeffccf model_digest=7f99a895dfeff1f1dc93a0abbdc1ed49758cd670a0f4f7d775a3453e8352c549 generation_seconds=60.17014002799988
[ Info: iter:1000 rel_p_res(inf):2.109e-04 rel_d_res(inf):8.503e-02 primal_obj:5.16737e+00 dual_obj:8.42176e+00 rel_pd_gap:3.454e-01 time:90.11 restart_used:0, restart_trigger_mean:0, restart_trigger_ergodic:0, diff_nrm_x_recovered:4.174e+00 diff_nrm_y_recovered:3.458e+02 nrm2_x_recovered:4.174e+00 nrm2_y_recovered:3.458e+02, nrmInf_x_recovered:2.348e+00 nrmInf_y_recovered:5.616e+00 dual_gap_ergodic:1.000e+30, dual_gap_mean:1.000e+30, dual_gap_restart_threshold:Inf, dual_gap_r:0.000e+00, kkt_error_ergodic:1.000e+30, kkt_error_mean:1.000e+30, kkt_error_restart_threshold:0.000e+00, tau:1.308e-02, sigma:6.706e+01
TABLE5_INSTANCE_READY instance=table5-m700000-n7000000-r01 nnz=489966133 lambda=0.12331210291489622 numerical_digest=14682a0201b8ec27f054a6dfc7849af710b5a7345b1ac8e2b27a9828de9e7ddb model_digest=7de21e703297657ae631a0ecccbdec7eb4b6db33d31bce5847097c5f142c74aa generation_seconds=98.26886510848999
[ Info: iter:2000 rel_p_res(inf):1.077e-04 rel_d_res(inf):4.162e-02 primal_obj:5.98924e+00 dual_obj:7.48730e+00 rel_pd_gap:1.765e-01 time:175.80 restart_used:0, restart_trigger_mean:0, restart_trigger_ergodic:0, diff_nrm_x_recovered:4.545e-01 diff_nrm_y_recovered:7.192e+00 nrm2_x_recovered:4.578e+00 nrm2_y_recovered:3.442e+02, nrmInf_x_recovered:2.618e+00 nrmInf_y_recovered:5.686e+00 dual_gap_ergodic:1.000e+30, dual_gap_mean:1.000e+30, dual_gap_restart_threshold:Inf, dual_gap_r:0.000e+00, kkt_error_ergodic:1.000e+30, kkt_error_mean:1.000e+30, kkt_error_restart_threshold:0.000e+00, tau:1.597e-02, sigma:8.189e+01
[ Info: restart due to condition 1
[ Info: omega:71.59701930997095, x_diff_norm:5.969886190747675, y_diff_norm:370.2664524826855
[ Info: iter:3000 rel_p_res(inf):1.079e-05 rel_d_res(inf):1.859e-02 primal_obj:6.58922e+00 dual_obj:6.98231e+00 rel_pd_gap:4.925e-02 time:262.23 restart_used:1, restart_trigger_mean:1, restart_trigger_ergodic:0, diff_nrm_x_recovered:2.352e-01 diff_nrm_y_recovered:3.333e+00 nrm2_x_recovered:4.792e+00 nrm2_y_recovered:3.432e+02, nrmInf_x_recovered:2.776e+00 nrmInf_y_recovered:5.885e+00 dual_gap_ergodic:4.565e-02, dual_gap_mean:2.470e-03, dual_gap_restart_threshold:2.909e-03, dual_gap_r:3.304e+03, kkt_error_ergodic:1.000e+30, kkt_error_mean:1.000e+30, kkt_error_restart_threshold:0.000e+00, tau:1.788e-02, sigma:7.940e+01
[ Info: iter:4000 rel_p_res(inf):1.225e-05 rel_d_res(inf):9.265e-03 primal_obj:6.56523e+00 dual_obj:6.76665e+00 rel_pd_gap:2.593e-02 time:346.56 restart_used:1, restart_trigger_mean:1, restart_trigger_ergodic:0, diff_nrm_x_recovered:1.233e-01 diff_nrm_y_recovered:2.793e+00 nrm2_x_recovered:4.898e+00 nrm2_y_recovered:3.425e+02, nrmInf_x_recovered:2.853e+00 nrmInf_y_recovered:5.876e+00 dual_gap_ergodic:4.565e-02, dual_gap_mean:2.470e-03, dual_gap_restart_threshold:2.909e-03, dual_gap_r:3.304e+03, kkt_error_ergodic:1.000e+30, kkt_error_mean:1.000e+30, kkt_error_restart_threshold:0.000e+00, tau:1.392e-02, sigma:6.179e+01
[ Info: restart due to condition 1
[ Info: omega:66.6379499266736, x_diff_norm:1.4830677176748728, y_diff_norm:21.756353134664103
rescaling_method is not set, using default value: :ruiz_pock_chambolle. Note that if :use_scaling is false, this option is ignored.
kkt_restart_freq is not set, using default value: 500.
duality_gap_restart_freq is not set, using default value: 2000.
[ Info: logfile is set to nothing
[ Info: ---------------------------------------------------
[ Info: ------------- Parameter Info Summary --------------
[ Info: ---------------------------------------------------
[ Info: time limit: 600.0
[ Info: use_preconditioner: true
[ Info: use_adaptive_restart: true
[ Info: use_adaptive_step_size_weight: true
[ Info: use_aggressive: true
[ Info: use_restart: true
[ Info: use_adaptive_step: true
[ Info: use_reflection: true
[ Info: use_halpern: true
[ Info: use_resolving: true
[ Info: use_duality_gap_restart: true
[ Info: duality_gap_restart_freq: 2000
[ Info: use_kkt_restart: false
[ Info: kkt_restart_freq: 2000
[ Info: abs_tol: 1.0e-6
[ Info: rel_tol: 1.0e-6
[ Info: eps_primal_infeasible_low_acc: 1.0e-12
[ Info: eps_dual_infeasible_low_acc: 1.0e-12
[ Info: eps_primal_infeasible_high_acc: 1.0e-16
[ Info: eps_dual_infeasible_high_acc: 1.0e-16
[ Info: print_freq: 1000
[ Info: check_terminate_freq: 1000
[ Info: ---------------------------------------------------
[ Info: ------------- Model Info Summary -----------------
[ Info: ---------------------------------------------------
[ Info: variable number: 14400004
[ Info: constraint number: 14800005
[ Info: non-zero elements in G: 574856083
[ Info: Number of box constraints: 14400004
[ Info: Number of equal constraints: 400003
[ Info: Number of nonnegative constraints: 14000000
[ Info: Number of soc cone constraints: 1
[ Info: Number of rsoc cone constraints: 0
[ Info: Number of exp cone constraints: 0
[ Info: Number of dual exp cone constraints: 0
[ Info: Number of soc cone variables: 0
[ Info: Number of rsoc cone variables: 0
[ Info: Number of exp cone variables: 0
[ Info: Number of dual exp cone variables: 0
[ Info: ---------------------------------------------------
[ Info: Using preconditioner
[ Info: Warm start not enabled. Ignoring warm start values.
[ Info: Initializing primal and dual variables to zero.
rescaling_method is not set, using default value: :ruiz_pock_chambolle. Note that if :use_scaling is false, this option is ignored.
kkt_restart_freq is not set, using default value: 500.
duality_gap_restart_freq is not set, using default value: 2000.
[ Info: logfile is set to nothing
[ Info: ---------------------------------------------------
[ Info: ------------- Parameter Info Summary --------------
[ Info: ---------------------------------------------------
[ Info: time limit: 600.0
[ Info: use_preconditioner: true
[ Info: use_adaptive_restart: true
[ Info: use_adaptive_step_size_weight: true
[ Info: use_aggressive: true
[ Info: use_restart: true
[ Info: use_adaptive_step: true
[ Info: use_reflection: true
[ Info: use_halpern: true
[ Info: use_resolving: true
[ Info: use_duality_gap_restart: true
[ Info: duality_gap_restart_freq: 2000
[ Info: use_kkt_restart: false
[ Info: kkt_restart_freq: 2000
[ Info: abs_tol: 1.0e-6
[ Info: rel_tol: 1.0e-6
[ Info: eps_primal_infeasible_low_acc: 1.0e-12
[ Info: eps_dual_infeasible_low_acc: 1.0e-12
[ Info: eps_primal_infeasible_high_acc: 1.0e-16
[ Info: eps_dual_infeasible_high_acc: 1.0e-16
[ Info: print_freq: 1000
[ Info: check_terminate_freq: 1000
[ Info: ---------------------------------------------------
[ Info: ------------- Model Info Summary -----------------
[ Info: ---------------------------------------------------
[ Info: variable number: 14400004
[ Info: constraint number: 14800005
[ Info: non-zero elements in G: 574790773
[ Info: Number of box constraints: 14400004
[ Info: Number of equal constraints: 400003
[ Info: Number of nonnegative constraints: 14000000
[ Info: Number of soc cone constraints: 1
[ Info: Number of rsoc cone constraints: 0
[ Info: Number of exp cone constraints: 0
[ Info: Number of dual exp cone constraints: 0
[ Info: Number of soc cone variables: 0
[ Info: Number of rsoc cone variables: 0
[ Info: Number of exp cone variables: 0
[ Info: Number of dual exp cone variables: 0
[ Info: ---------------------------------------------------
[ Info: Using preconditioner
[ Info: Warm start not enabled. Ignoring warm start values.
[ Info: Initializing primal and dual variables to zero.
[ Info: iter:5000 rel_p_res(inf):4.364e-06 rel_d_res(inf):7.215e-04 primal_obj:6.56061e+00 dual_obj:6.56419e+00 rel_pd_gap:4.736e-04 time:432.93 restart_used:2, restart_trigger_mean:1, restart_trigger_ergodic:1, diff_nrm_x_recovered:1.127e-01 diff_nrm_y_recovered:2.547e+00 nrm2_x_recovered:4.996e+00 nrm2_y_recovered:3.419e+02, nrmInf_x_recovered:2.924e+00 nrmInf_y_recovered:5.863e+00 dual_gap_ergodic:5.386e-04, dual_gap_mean:1.279e-03, dual_gap_restart_threshold:5.386e-04, dual_gap_r:1.668e+02, kkt_error_ergodic:1.000e+30, kkt_error_mean:1.000e+30, kkt_error_restart_threshold:0.000e+00, tau:3.752e-02, sigma:3.668e+01
[ Info: initial nrm1G: 2.94794411620977e8, initial nrmInfG: 1.0
[ Info: initial nrm1c: 1.3457725804460307e6
[ Info: initial nrm1h: 1303.2164156153096
[ Info: initial nrmInfc: 2.0
[ Info: max Dr_product:6.5855199965410804
[ Info: norm Dr_product:17169.578073065797
[ Info: max Dl_product:29.21995032022489
[ Info: norm Dl_product:17169.57810215751
[ Info: after scaling, norm1 c: 297130.7755151606
[ Info: after scaling, normInf c: 1.9996615778638578
[ Info: after scaling, norm1 G: 5.681160620431385e6
[ Info: iter:6000 rel_p_res(inf):6.754e-06 rel_d_res(inf):3.549e-04 primal_obj:6.55427e+00 dual_obj:6.55596e+00 rel_pd_gap:2.238e-04 time:517.31 restart_used:2, restart_trigger_mean:1, restart_trigger_ergodic:1, diff_nrm_x_recovered:3.219e-03 diff_nrm_y_recovered:1.813e-01 nrm2_x_recovered:4.996e+00 nrm2_y_recovered:3.419e+02, nrmInf_x_recovered:2.925e+00 nrmInf_y_recovered:5.856e+00 dual_gap_ergodic:5.386e-04, dual_gap_mean:1.279e-03, dual_gap_restart_threshold:5.386e-04, dual_gap_r:1.668e+02, kkt_error_ergodic:1.000e+30, kkt_error_mean:1.000e+30, kkt_error_restart_threshold:0.000e+00, tau:3.164e-02, sigma:3.093e+01
[ Info: initial nrm1G: 2.948250315890146e8, initial nrmInfG: 1.0
[ Info: initial nrm1c: 1.3136415399632142e6
[ Info: initial nrm1h: 1304.299580236156
[ Info: initial nrmInfc: 2.0
[ Info: max Dr_product:6.620236017962014
[ Info: norm Dr_product:17170.469742413556
[ Info: max Dl_product:29.12671944324022
[ Info: norm Dl_product:17170.46977150375
[ Info: after scaling, norm1 c: 290026.2381833812
[ Info: after scaling, normInf c: 1.9996615778638578
[ Info: after scaling, norm1 G: 5.681040538085869e6
[ Info: after scaling, normInf G: 0.7071067811865475
[ Info: iter:0 rel_p_res(inf):5.000e-01 rel_d_res(inf):6.667e-01 primal_obj:0.000e+00 dual_obj:0.000e+00 rel_pd_gap:0.000e+00 time:0.00 restart_used:0
[ Info: ==================================================
[ Info: Start unified diagonal GPU loop for the ablation-compatible production path.
[ Info: iter:0 rel_p_res(inf):5.000e-01 rel_d_res(inf):6.667e-01 primal_obj:0.000e+00 dual_obj:0.000e+00 rel_pd_gap:0.000e+00 time:3.18 restart_used:0
[ Info: after scaling, normInf G: 0.7071067811865475
[ Info: iter:0 rel_p_res(inf):5.000e-01 rel_d_res(inf):6.667e-01 primal_obj:0.000e+00 dual_obj:0.000e+00 rel_pd_gap:0.000e+00 time:0.00 restart_used:0
[ Info: ==================================================
[ Info: Start unified diagonal GPU loop for the ablation-compatible production path.
[ Info: iter:0 rel_p_res(inf):5.000e-01 rel_d_res(inf):6.667e-01 primal_obj:0.000e+00 dual_obj:0.000e+00 rel_pd_gap:0.000e+00 time:3.69 restart_used:0
[ Info: iter:7000 rel_p_res(inf):5.339e-06 rel_d_res(inf):2.365e-04 primal_obj:6.55216e+00 dual_obj:6.55330e+00 rel_pd_gap:1.508e-04 time:603.19 restart_used:2, restart_trigger_mean:1, restart_trigger_ergodic:1, diff_nrm_x_recovered:1.043e-03 diff_nrm_y_recovered:5.934e-02 nrm2_x_recovered:4.997e+00 nrm2_y_recovered:3.418e+02, nrmInf_x_recovered:2.925e+00 nrmInf_y_recovered:5.854e+00 dual_gap_ergodic:9.883e-02, dual_gap_mean:1.666e-03, dual_gap_restart_threshold:5.386e-04, dual_gap_r:1.668e+02, kkt_error_ergodic:1.000e+30, kkt_error_mean:1.000e+30, kkt_error_restart_threshold:0.000e+00, tau:3.280e-02, sigma:3.207e+01
[ Info: ===============================================
[ Info: ---------------------------------------------------
[ Info: ------------- Solver Info Summary -----------------
[ Info: ---------------------------------------------------
[ Info: iter_num:                     7000
[ Info: exit_status:                  time_limit
[ Info: l_2_abs_primal_res:           8.7985e-03
[ Info: l_2_rel_primal_res:           3.4647e-06
[ Info: l_inf_abs_primal_res:         2.0158e-05
[ Info: l_inf_rel_primal_res:         5.3394e-06
[ Info: l_2_abs_dual_res:             5.7638e-02
[ Info: l_2_rel_dual_res:             4.7493e-08
[ Info: l_inf_abs_dual_res:           7.0967e-04
[ Info: l_inf_rel_dual_res:           2.3652e-04
[ Info: rel_gap:                      1.5078e-04
[ Info: abs_gap:                      1.1389e-03
[ Info: primal_obj:                   6.5522e+00
[ Info: dual_obj:                     6.5533e+00
[ Info: time:                         603.1856
[ Info: ---------------------------------------------------
[ Info:  norm(sol.x.recovered_primal.primal_sol.x, Inf): 2.9250319363520183
[ Info:  norm(sol.y.recovered_dual.dual_sol.y, Inf): 5.854495548247602
[ Info: time for projection: 2.0470426082611084
[ Info: time for iterative: 581.7890005111694
[ Info: time for restart check: 2.0542590618133545
[ Info: time for exit check: 0.0
[ Info: time for print info calculation: 1.3672432899475098
[ Info: iter:1000 rel_p_res(inf):2.000e-04 rel_d_res(inf):9.368e-02 primal_obj:5.70396e+00 dual_obj:8.83410e+00 rel_pd_gap:3.183e-01 time:90.44 restart_used:0, restart_trigger_mean:0, restart_trigger_ergodic:0, diff_nrm_x_recovered:4.404e+00 diff_nrm_y_recovered:3.822e+02 nrm2_x_recovered:4.404e+00 nrm2_y_recovered:3.822e+02, nrmInf_x_recovered:2.491e+00 nrmInf_y_recovered:6.156e+00 dual_gap_ergodic:1.000e+30, dual_gap_mean:1.000e+30, dual_gap_restart_threshold:Inf, dual_gap_r:0.000e+00, kkt_error_ergodic:1.000e+30, kkt_error_mean:1.000e+30, kkt_error_restart_threshold:0.000e+00, tau:1.498e-02, sigma:9.437e+01
[ Info: iter:1000 rel_p_res(inf):1.365e-04 rel_d_res(inf):8.912e-02 primal_obj:5.59817e+00 dual_obj:8.69649e+00 rel_pd_gap:3.195e-01 time:170.69 restart_used:0, restart_trigger_mean:0, restart_trigger_ergodic:0, diff_nrm_x_recovered:4.352e+00 diff_nrm_y_recovered:3.737e+02 nrm2_x_recovered:4.352e+00 nrm2_y_recovered:3.737e+02, nrmInf_x_recovered:2.452e+00 nrmInf_y_recovered:6.046e+00 dual_gap_ergodic:1.000e+30, dual_gap_mean:1.000e+30, dual_gap_restart_threshold:Inf, dual_gap_r:0.000e+00, kkt_error_ergodic:1.000e+30, kkt_error_mean:1.000e+30, kkt_error_restart_threshold:0.000e+00, tau:1.392e-02, sigma:8.356e+01
[ Info: iter:2000 rel_p_res(inf):8.497e-05 rel_d_res(inf):4.901e-02 primal_obj:6.01818e+00 dual_obj:7.78919e+00 rel_pd_gap:2.015e-01 time:176.24 restart_used:0, restart_trigger_mean:0, restart_trigger_ergodic:0, diff_nrm_x_recovered:5.020e-01 diff_nrm_y_recovered:9.818e+00 nrm2_x_recovered:4.851e+00 nrm2_y_recovered:3.798e+02, nrmInf_x_recovered:2.819e+00 nrmInf_y_recovered:6.223e+00 dual_gap_ergodic:1.000e+30, dual_gap_mean:1.000e+30, dual_gap_restart_threshold:Inf, dual_gap_r:0.000e+00, kkt_error_ergodic:1.000e+30, kkt_error_mean:1.000e+30, kkt_error_restart_threshold:0.000e+00, tau:1.495e-02, sigma:9.420e+01
[ Info: restart due to condition 1
[ Info: omega:79.38218368919797, x_diff_norm:6.295975333688689, y_diff_norm:406.38510440207085
[ Info: iter:2000 rel_p_res(inf):1.165e-04 rel_d_res(inf):4.931e-02 primal_obj:5.92620e+00 dual_obj:7.77088e+00 rel_pd_gap:2.103e-01 time:256.44 restart_used:0, restart_trigger_mean:0, restart_trigger_ergodic:0, diff_nrm_x_recovered:4.929e-01 diff_nrm_y_recovered:9.102e+00 nrm2_x_recovered:4.790e+00 nrm2_y_recovered:3.710e+02, nrmInf_x_recovered:2.775e+00 nrmInf_y_recovered:6.055e+00 dual_gap_ergodic:1.000e+30, dual_gap_mean:1.000e+30, dual_gap_restart_threshold:Inf, dual_gap_r:0.000e+00, kkt_error_ergodic:1.000e+30, kkt_error_mean:1.000e+30, kkt_error_restart_threshold:0.000e+00, tau:1.215e-02, sigma:7.292e+01
[ Info: restart due to condition 1
[ Info: omega:77.48562769040245, x_diff_norm:6.222828612593227, y_diff_norm:397.5209407554398
[ Info: iter:3000 rel_p_res(inf):1.331e-05 rel_d_res(inf):2.148e-02 primal_obj:6.68214e+00 dual_obj:7.15445e+00 rel_pd_gap:5.792e-02 time:262.73 restart_used:1, restart_trigger_mean:1, restart_trigger_ergodic:0, diff_nrm_x_recovered:2.561e-01 diff_nrm_y_recovered:4.750e+00 nrm2_x_recovered:5.086e+00 nrm2_y_recovered:3.784e+02, nrmInf_x_recovered:2.990e+00 nrmInf_y_recovered:6.395e+00 dual_gap_ergodic:8.361e-03, dual_gap_mean:2.548e-03, dual_gap_restart_threshold:3.052e-03, dual_gap_r:3.666e+03, kkt_error_ergodic:1.000e+30, kkt_error_mean:1.000e+30, kkt_error_restart_threshold:0.000e+00, tau:1.723e-02, sigma:8.828e+01
[ Info: iter:3000 rel_p_res(inf):6.849e-06 rel_d_res(inf):7.254e-03 primal_obj:6.64314e+00 dual_obj:6.79066e+00 rel_pd_gap:1.894e-02 time:342.97 restart_used:1, restart_trigger_mean:0, restart_trigger_ergodic:1, diff_nrm_x_recovered:4.002e-01 diff_nrm_y_recovered:8.711e+00 nrm2_x_recovered:5.150e+00 nrm2_y_recovered:3.688e+02, nrmInf_x_recovered:3.037e+00 nrmInf_y_recovered:6.214e+00 dual_gap_ergodic:7.077e-04, dual_gap_mean:3.184e-03, dual_gap_restart_threshold:7.077e-04, dual_gap_r:5.341e+03, kkt_error_ergodic:1.000e+30, kkt_error_mean:1.000e+30, kkt_error_restart_threshold:0.000e+00, tau:1.352e-02, sigma:6.693e+01
TABLE5_SOLVE_RESULT solver=cupdcs instance=table5-m400000-n7000000-r01 termination=TIME_LIMIT primal_status=INFEASIBILITY_CERTIFICATE iterations=7000 objective=6.552163197783248 optimize_wall_seconds=1765.0244398117065
TABLE5_SOLVE_FINISH solver=cupdcs instance=table5-m400000-n7000000-r01 status=completed result=/home/zhenwei/PDCS_fork/benchmark/large_scale_lasso/table5_solver_results/cupdcs/table5-m400000-n7000000-r01/attempt_20260729T195705Z_gpu4/result.toml
RESOURCE_SNAPSHOT label=solve_cupdcs_table5-m400000-n7000000-r01 utc=2026-07-29T20:57:15Z
               total        used        free      shared  buff/cache   available
Mem:           2.0Ti       617Gi       104Gi        99Mi       1.3Ti       1.4Ti
Swap:             0B          0B          0B
Filesystem                    Size  Used Avail Use% Mounted on
/dev/mapper/ubuntu--vg-lv--0  778G  726G   13G  99% /home
SOLVE_CASE_COMPLETE solver=cupdcs id=table5-m400000-n7000000-r01 utc=2026-07-29T20:57:15Z
GPU_PREFLIGHT 4, GPU-7fe4e5c3-9503-89aa-3eea-36f0e5127410, NVIDIA H100 80GB HBM3, 0, 81081, 0
SOLVE_CASE_START solver=scs_gpu id=table5-m400000-n7000000-r01 gpu=4 utc=2026-07-29T20:57:15Z
TABLE5_SOLVE_START solver=scs_gpu instance=table5-m400000-n7000000-r01 m=400000 n=7000000 density=0.0001 seed=2810953517340410803 tolerance=1.0e-6 time_limit=600.0
[ Info: iter:4000 rel_p_res(inf):7.109e-06 rel_d_res(inf):1.064e-02 primal_obj:6.64921e+00 dual_obj:6.89274e+00 rel_pd_gap:3.086e-02 time:347.11 restart_used:1, restart_trigger_mean:1, restart_trigger_ergodic:0, diff_nrm_x_recovered:1.160e-01 diff_nrm_y_recovered:3.658e+00 nrm2_x_recovered:5.182e+00 nrm2_y_recovered:3.776e+02, nrmInf_x_recovered:3.060e+00 nrmInf_y_recovered:6.327e+00 dual_gap_ergodic:8.361e-03, dual_gap_mean:2.548e-03, dual_gap_restart_threshold:3.052e-03, dual_gap_r:3.666e+03, kkt_error_ergodic:1.000e+30, kkt_error_mean:1.000e+30, kkt_error_restart_threshold:0.000e+00, tau:1.316e-02, sigma:6.743e+01
[ Info: restart due to condition 1
[ Info: omega:71.58118807032943, x_diff_norm:1.6002491626361937, y_diff_norm:29.58269476513351
TABLE5_INSTANCE_READY instance=table5-m400000-n7000000-r01 nnz=279972972 lambda=0.08668710726461117 numerical_digest=b7b0d6150c1df45ac34a95f0872d8c4107ad40706adf2c847eba00812fa5d698 model_digest=1019b2bf33a935f1f4c6be3b6c5270c17131fe99591d7220a4c23f07c4689b91 generation_seconds=58.10929799079895
[ Info: iter:4000 rel_p_res(inf):3.460e-06 rel_d_res(inf):3.647e-03 primal_obj:6.63024e+00 dual_obj:6.70480e+00 rel_pd_gap:9.678e-03 time:427.26 restart_used:1, restart_trigger_mean:0, restart_trigger_ergodic:1, diff_nrm_x_recovered:3.918e-02 diff_nrm_y_recovered:1.229e+00 nrm2_x_recovered:5.182e+00 nrm2_y_recovered:3.685e+02, nrmInf_x_recovered:3.060e+00 nrmInf_y_recovered:6.191e+00 dual_gap_ergodic:7.077e-04, dual_gap_mean:3.184e-03, dual_gap_restart_threshold:7.077e-04, dual_gap_r:5.341e+03, kkt_error_ergodic:1.000e+30, kkt_error_mean:1.000e+30, kkt_error_restart_threshold:0.000e+00, tau:1.505e-02, sigma:7.451e+01
[ Info: iter:5000 rel_p_res(inf):4.153e-06 rel_d_res(inf):7.023e-04 primal_obj:6.64179e+00 dual_obj:6.64249e+00 rel_pd_gap:9.141e-05 time:433.50 restart_used:2, restart_trigger_mean:1, restart_trigger_ergodic:1, diff_nrm_x_recovered:1.010e-01 diff_nrm_y_recovered:3.358e+00 nrm2_x_recovered:5.267e+00 nrm2_y_recovered:3.767e+02, nrmInf_x_recovered:3.122e+00 nrmInf_y_recovered:6.258e+00 dual_gap_ergodic:5.986e-04, dual_gap_mean:1.340e-03, dual_gap_restart_threshold:5.986e-04, dual_gap_r:2.090e+02, kkt_error_ergodic:1.000e+30, kkt_error_mean:1.000e+30, kkt_error_restart_threshold:0.000e+00, tau:3.151e-02, sigma:4.169e+01
[ Info: iter:5000 rel_p_res(inf):2.661e-06 rel_d_res(inf):2.402e-03 primal_obj:6.62627e+00 dual_obj:6.67528e+00 rel_pd_gap:6.385e-03 time:513.02 restart_used:1, restart_trigger_mean:0, restart_trigger_ergodic:1, diff_nrm_x_recovered:1.321e-02 diff_nrm_y_recovered:4.274e-01 nrm2_x_recovered:5.192e+00 nrm2_y_recovered:3.684e+02, nrmInf_x_recovered:3.068e+00 nrmInf_y_recovered:6.182e+00 dual_gap_ergodic:6.922e-04, dual_gap_mean:1.646e-03, dual_gap_restart_threshold:7.077e-04, dual_gap_r:5.341e+03, kkt_error_ergodic:1.000e+30, kkt_error_mean:1.000e+30, kkt_error_restart_threshold:0.000e+00, tau:1.841e-02, sigma:9.115e+01
[ Info: iter:6000 rel_p_res(inf):2.073e-06 rel_d_res(inf):3.513e-04 primal_obj:6.63376e+00 dual_obj:6.63414e+00 rel_pd_gap:4.993e-05 time:517.86 restart_used:2, restart_trigger_mean:1, restart_trigger_ergodic:1, diff_nrm_x_recovered:3.525e-03 diff_nrm_y_recovered:2.044e-01 nrm2_x_recovered:5.265e+00 nrm2_y_recovered:3.767e+02, nrmInf_x_recovered:3.121e+00 nrmInf_y_recovered:6.249e+00 dual_gap_ergodic:5.986e-04, dual_gap_mean:1.340e-03, dual_gap_restart_threshold:5.986e-04, dual_gap_r:2.090e+02, kkt_error_ergodic:1.000e+30, kkt_error_mean:1.000e+30, kkt_error_restart_threshold:0.000e+00, tau:2.812e-02, sigma:3.721e+01
[ Info: iter:6000 rel_p_res(inf):2.163e-05 rel_d_res(inf):1.797e-03 primal_obj:6.62422e+00 dual_obj:6.66062e+00 rel_pd_gap:4.752e-03 time:597.48 restart_used:1, restart_trigger_mean:0, restart_trigger_ergodic:1, diff_nrm_x_recovered:6.419e-03 diff_nrm_y_recovered:2.201e-01 nrm2_x_recovered:5.197e+00 nrm2_y_recovered:3.683e+02, nrmInf_x_recovered:3.071e+00 nrmInf_y_recovered:6.178e+00 dual_gap_ergodic:6.922e-04, dual_gap_mean:1.646e-03, dual_gap_restart_threshold:7.077e-04, dual_gap_r:5.341e+03, kkt_error_ergodic:1.000e+30, kkt_error_mean:1.000e+30, kkt_error_restart_threshold:0.000e+00, tau:1.649e-02, sigma:8.163e+01
[ Info: iter:7000 rel_p_res(inf):1.393e-06 rel_d_res(inf):2.328e-04 primal_obj:6.63115e+00 dual_obj:6.63135e+00 rel_pd_gap:2.560e-05 time:603.83 restart_used:2, restart_trigger_mean:1, restart_trigger_ergodic:1, diff_nrm_x_recovered:1.152e-03 diff_nrm_y_recovered:6.814e-02 nrm2_x_recovered:5.265e+00 nrm2_y_recovered:3.766e+02, nrmInf_x_recovered:3.121e+00 nrmInf_y_recovered:6.246e+00 dual_gap_ergodic:5.372e-04, dual_gap_mean:1.797e-03, dual_gap_restart_threshold:5.986e-04, dual_gap_r:2.090e+02, kkt_error_ergodic:1.000e+30, kkt_error_mean:1.000e+30, kkt_error_restart_threshold:0.000e+00, tau:2.758e-02, sigma:3.650e+01
[ Info: ===============================================
[ Info: ---------------------------------------------------
[ Info: ------------- Solver Info Summary -----------------
[ Info: ---------------------------------------------------
[ Info: iter_num:                     7000
[ Info: exit_status:                  time_limit
[ Info: l_2_abs_primal_res:           7.5509e-04
[ Info: l_2_rel_primal_res:           2.9325e-07
[ Info: l_inf_abs_primal_res:         5.4504e-06
[ Info: l_inf_rel_primal_res:         1.3927e-06
[ Info: l_2_abs_dual_res:             2.9111e-03
[ Info: l_2_rel_dual_res:             2.1632e-09
[ Info: l_inf_abs_dual_res:           6.9848e-04
[ Info: l_inf_rel_dual_res:           2.3279e-04
[ Info: rel_gap:                      2.5602e-05
[ Info: abs_gap:                      1.9538e-04
[ Info: primal_obj:                   6.6312e+00
[ Info: dual_obj:                     6.6313e+00
[ Info: time:                         603.8272
[ Info: ---------------------------------------------------
[ Info:  norm(sol.x.recovered_primal.primal_sol.x, Inf): 3.1205468067174618
[ Info:  norm(sol.y.recovered_dual.dual_sol.y, Inf): 6.2457477882490515
[ Info: time for projection: 2.0951035022735596
[ Info: time for iterative: 582.4328954219818
[ Info: time for restart check: 2.079254150390625
[ Info: time for exit check: 0.0
[ Info: time for print info calculation: 1.3304274082183838
[ Info: iter:7000 rel_p_res(inf):1.349e-06 rel_d_res(inf):1.442e-03 primal_obj:6.62292e+00 dual_obj:6.65242e+00 rel_pd_gap:3.855e-03 time:683.51 restart_used:1, restart_trigger_mean:0, restart_trigger_ergodic:1, diff_nrm_x_recovered:3.665e-03 diff_nrm_y_recovered:1.261e-01 nrm2_x_recovered:5.200e+00 nrm2_y_recovered:3.683e+02, nrmInf_x_recovered:3.073e+00 nrmInf_y_recovered:6.175e+00 dual_gap_ergodic:1.283e+00, dual_gap_mean:1.362e-03, dual_gap_restart_threshold:7.077e-04, dual_gap_r:5.341e+03, kkt_error_ergodic:1.000e+30, kkt_error_mean:1.000e+30, kkt_error_restart_threshold:0.000e+00, tau:1.825e-02, sigma:9.034e+01
[ Info: ===============================================
[ Info: ---------------------------------------------------
[ Info: ------------- Solver Info Summary -----------------
[ Info: ---------------------------------------------------
[ Info: iter_num:                     7000
[ Info: exit_status:                  time_limit
[ Info: l_2_abs_primal_res:           7.3897e-04
[ Info: l_2_rel_primal_res:           2.8767e-07
[ Info: l_inf_abs_primal_res:         5.2332e-06
[ Info: l_inf_rel_primal_res:         1.3486e-06
[ Info: l_2_abs_dual_res:             1.2037e-02
[ Info: l_2_rel_dual_res:             9.1633e-09
[ Info: l_inf_abs_dual_res:           4.3305e-03
[ Info: l_inf_rel_dual_res:           1.4420e-03
[ Info: rel_gap:                      3.8548e-03
[ Info: abs_gap:                      2.9499e-02
[ Info: primal_obj:                   6.6229e+00
[ Info: dual_obj:                     6.6524e+00
[ Info: time:                         683.5057
[ Info: ---------------------------------------------------
[ Info:  norm(sol.x.recovered_primal.primal_sol.x, Inf): 3.0734085151261055
[ Info:  norm(sol.y.recovered_dual.dual_sol.y, Inf): 6.175119037067187
[ Info: time for projection: 2.0926601886749268
[ Info: time for iterative: 582.4267954826355
[ Info: time for restart check: 1.5671932697296143
[ Info: time for exit check: 0.0
[ Info: time for print info calculation: 1.3310809135437012
rescaling_method is not set, using default value: :ruiz_pock_chambolle. Note that if :use_scaling is false, this option is ignored.
kkt_restart_freq is not set, using default value: 500.
duality_gap_restart_freq is not set, using default value: 2000.
[ Info: logfile is set to nothing
[ Info: ---------------------------------------------------
[ Info: ------------- Parameter Info Summary --------------
[ Info: ---------------------------------------------------
[ Info: time limit: 600.0
[ Info: use_preconditioner: true
[ Info: use_adaptive_restart: true
[ Info: use_adaptive_step_size_weight: true
[ Info: use_aggressive: true
[ Info: use_restart: true
[ Info: use_adaptive_step: true
[ Info: use_reflection: true
[ Info: use_halpern: true
[ Info: use_resolving: true
[ Info: use_duality_gap_restart: true
[ Info: duality_gap_restart_freq: 2000
[ Info: use_kkt_restart: false
[ Info: kkt_restart_freq: 2000
[ Info: abs_tol: 1.0e-6
[ Info: rel_tol: 1.0e-6
[ Info: eps_primal_infeasible_low_acc: 1.0e-12
[ Info: eps_dual_infeasible_low_acc: 1.0e-12
[ Info: eps_primal_infeasible_high_acc: 1.0e-16
[ Info: eps_dual_infeasible_high_acc: 1.0e-16
[ Info: print_freq: 1000
[ Info: check_terminate_freq: 1000
[ Info: ---------------------------------------------------
[ Info: ------------- Model Info Summary -----------------
[ Info: ---------------------------------------------------
[ Info: variable number: 14400004
[ Info: constraint number: 14800005
[ Info: non-zero elements in G: 574800249
[ Info: Number of box constraints: 14400004
[ Info: Number of equal constraints: 400003
[ Info: Number of nonnegative constraints: 14000000
[ Info: Number of soc cone constraints: 1
[ Info: Number of rsoc cone constraints: 0
[ Info: Number of exp cone constraints: 0
[ Info: Number of dual exp cone constraints: 0
[ Info: Number of soc cone variables: 0
[ Info: Number of rsoc cone variables: 0
[ Info: Number of exp cone variables: 0
[ Info: Number of dual exp cone variables: 0
[ Info: ---------------------------------------------------
[ Info: Using preconditioner
[ Info: Warm start not enabled. Ignoring warm start values.
[ Info: Initializing primal and dual variables to zero.
TABLE5_SOLVE_RESULT solver=cupdcs instance=table5-m400000-n7000000-r02 termination=TIME_LIMIT primal_status=INFEASIBILITY_CERTIFICATE iterations=7000 objective=6.6311500980645235 optimize_wall_seconds=1752.7957479953766
TABLE5_SOLVE_FINISH solver=cupdcs instance=table5-m400000-n7000000-r02 status=completed result=/home/zhenwei/PDCS_fork/benchmark/large_scale_lasso/table5_solver_results/cupdcs/table5-m400000-n7000000-r02/attempt_20260729T195705Z_gpu5/result.toml
RESOURCE_SNAPSHOT label=solve_cupdcs_table5-m400000-n7000000-r02 utc=2026-07-29T21:06:21Z
               total        used        free      shared  buff/cache   available
Mem:           2.0Ti       647Gi       190Gi        66Mi       1.1Ti       1.3Ti
Swap:             0B          0B          0B
Filesystem                    Size  Used Avail Use% Mounted on
/dev/mapper/ubuntu--vg-lv--0  778G  726G   13G  99% /home
SOLVE_CASE_COMPLETE solver=cupdcs id=table5-m400000-n7000000-r02 utc=2026-07-29T21:06:21Z
SOLVE_SKIP_DONE solver=scs_gpu id=table5-m400000-n7000000-r02
SOLVE_SKIP_DONE solver=cuclarabel id=table5-m400000-n7000000-r02
GPU preflight failed: 5, GPU-84fc7112-00ba-4e9e-0a3b-615cd5f7d9c2, NVIDIA H100 80GB HBM3, 0, 81081, 38
TABLE5_DRIVER_FINISH command=solve status=3 log=/home/zhenwei/PDCS_fork/benchmark/large_scale_lasso/table5_logs/workers/driver_20260729T195705Z_gpu5.log utc=2026-07-29T21:06:21Z
rescaling_method is not set, using default value: :ruiz_pock_chambolle. Note that if :use_scaling is false, this option is ignored.
kkt_restart_freq is not set, using default value: 500.
duality_gap_restart_freq is not set, using default value: 2000.
[ Info: initial nrm1G: 2.948294818533353e8, initial nrmInfG: 1.0
[ Info: initial nrm1c: 1.3933871869161306e6
[ Info: initial nrm1h: 1305.8152241922637
[ Info: initial nrmInfc: 2.0
[ Info: logfile is set to nothing
[ Info: ---------------------------------------------------
[ Info: ------------- Parameter Info Summary --------------
[ Info: ---------------------------------------------------
[ Info: time limit: 600.0
[ Info: use_preconditioner: true
[ Info: use_adaptive_restart: true
[ Info: use_adaptive_step_size_weight: true
[ Info: use_aggressive: true
[ Info: use_restart: true
[ Info: use_adaptive_step: true
[ Info: use_reflection: true
[ Info: use_halpern: true
[ Info: use_resolving: true
[ Info: use_duality_gap_restart: true
[ Info: duality_gap_restart_freq: 2000
[ Info: use_kkt_restart: false
[ Info: kkt_restart_freq: 2000
[ Info: abs_tol: 1.0e-6
[ Info: rel_tol: 1.0e-6
[ Info: eps_primal_infeasible_low_acc: 1.0e-12
[ Info: eps_dual_infeasible_low_acc: 1.0e-12
[ Info: eps_primal_infeasible_high_acc: 1.0e-16
[ Info: eps_dual_infeasible_high_acc: 1.0e-16
[ Info: print_freq: 1000
[ Info: check_terminate_freq: 1000
[ Info: ---------------------------------------------------
[ Info: ------------- Model Info Summary -----------------
[ Info: ---------------------------------------------------
[ Info: variable number: 14400004
[ Info: constraint number: 14800005
[ Info: non-zero elements in G: 574762357
[ Info: Number of box constraints: 14400004
[ Info: Number of equal constraints: 400003
[ Info: Number of nonnegative constraints: 14000000
[ Info: Number of soc cone constraints: 1
[ Info: Number of rsoc cone constraints: 0
[ Info: Number of exp cone constraints: 0
[ Info: Number of dual exp cone constraints: 0
[ Info: Number of soc cone variables: 0
[ Info: Number of rsoc cone variables: 0
[ Info: Number of exp cone variables: 0
[ Info: Number of dual exp cone variables: 0
[ Info: ---------------------------------------------------
[ Info: Using preconditioner
[ Info: Warm start not enabled. Ignoring warm start values.
[ Info: Initializing primal and dual variables to zero.
[ Info: max Dr_product:6.454227930609419
[ Info: norm Dr_product:17170.59933256438
[ Info: max Dl_product:28.921220988931353
[ Info: norm Dl_product:17170.599361654356
[ Info: after scaling, norm1 c: 307629.1415505159
[ Info: after scaling, normInf c: 1.9996615778638578
[ Info: after scaling, norm1 G: 5.681012319170054e6
TABLE5_SOLVE_RESULT solver=cupdcs instance=table5-m400000-n7000000-r03 termination=TIME_LIMIT primal_status=INFEASIBILITY_CERTIFICATE iterations=7000 objective=6.622922391498887 optimize_wall_seconds=1756.0048470497131
TABLE5_SOLVE_FINISH solver=cupdcs instance=table5-m400000-n7000000-r03 status=completed result=/home/zhenwei/PDCS_fork/benchmark/large_scale_lasso/table5_solver_results/cupdcs/table5-m400000-n7000000-r03/attempt_20260729T195705Z_gpu6/result.toml
RESOURCE_SNAPSHOT label=solve_cupdcs_table5-m400000-n7000000-r03 utc=2026-07-29T21:06:58Z
               total        used        free      shared  buff/cache   available
Mem:           2.0Ti       576Gi       261Gi        83Mi       1.1Ti       1.4Ti
Swap:             0B          0B          0B
Filesystem                    Size  Used Avail Use% Mounted on
/dev/mapper/ubuntu--vg-lv--0  778G  726G   13G  99% /home
SOLVE_CASE_COMPLETE solver=cupdcs id=table5-m400000-n7000000-r03 utc=2026-07-29T21:06:58Z
SOLVE_SKIP_DONE solver=scs_gpu id=table5-m400000-n7000000-r03
SOLVE_SKIP_DONE solver=cuclarabel id=table5-m400000-n7000000-r03
GPU_PREFLIGHT 6, GPU-790986fa-7e8a-1825-d49a-9b2ba1c63325, NVIDIA H100 80GB HBM3, 0, 81081, 0
SOLVE_CASE_START solver=cupdcs id=table5-m700000-n7000000-r04 gpu=6 utc=2026-07-29T21:06:58Z
[ Info: initial nrm1G: 2.94790288907327e8, initial nrmInfG: 1.0
[ Info: initial nrm1c: 1.327491224936906e6
[ Info: initial nrm1h: 1306.8517564889705
[ Info: initial nrmInfc: 2.0
    CondaPkg Found dependencies: /home/zhenwei/PDCS_fork/.julia-depot/packages/PythonCall/5WGSP/CondaPkg.toml
    CondaPkg Found dependencies: /home/zhenwei/PDCS_fork/.julia-depot/packages/CondaPkg/lKlVY/CondaPkg.toml
[ Info: max Dr_product:6.691412053145778
[ Info: norm Dr_product:17169.458013969223
[ Info: max Dl_product:29.06088628375592
[ Info: norm Dl_product:17169.458043061135
[ Info: after scaling, norm1 c: 293101.86456457485
[ Info: after scaling, normInf c: 1.9996615778638578
[ Info: after scaling, norm1 G: 5.681222879546413e6
    CondaPkg Resolving changes
             ~ libstdcxx
             ~ libstdcxx-ng
             ~ openssl
             ~ python
    CondaPkg Initialising pixi
             │ /home/zhenwei/PDCS_fork/.julia-depot/artifacts/4ae17cee0bd922f66b2c72bf2f01c22481a5ec19/bin/pixi
             │ init
             │ --format pixi
             └ /home/zhenwei/PDCS_fork/.CondaPkg
✔ Created /home/zhenwei/PDCS_fork/.CondaPkg/pixi.toml
    CondaPkg Wrote /home/zhenwei/PDCS_fork/.CondaPkg/pixi.toml
             │ [dependencies]
             │ openssl = ">=3, <3.6"
             │ libstdcxx = ">=3.4,<15.0"
             │ libstdcxx-ng = ">=3.4,<15.0"
             │ 
             │     [dependencies.python]
             │     channel = "conda-forge"
             │     build = "*cp*"
             │     version = ">=3.10,!=3.14.0,!=3.14.1,<4"
             │ 
             │ [workspace]
             │ name = ".CondaPkg"
             │ platforms = ["linux-64"]
             │ channels = ["conda-forge"]
             │ channel-priority = "strict"
             └ description = "automatically generated by CondaPkg.jl"
    CondaPkg Installing packages
             │ /home/zhenwei/PDCS_fork/.julia-depot/artifacts/4ae17cee0bd922f66b2c72bf2f01c22481a5ec19/bin/pixi
             │ install
             └ --manifest-path /home/zhenwei/PDCS_fork/.CondaPkg/pixi.toml
✔ The default environment has been installed.
TABLE5_SOLVE_START solver=cupdcs instance=table5-m700000-n7000000-r04 m=700000 n=7000000 density=0.0001 seed=780990368380045832 tolerance=1.0e-6 time_limit=600.0
TABLE5_INSTANCE_READY instance=table5-m700000-n7000000-r04 nnz=490025873 lambda=0.11988256988229479 numerical_digest=6469f5d80919a94e23bd656718ffa4aa2eb60c199fdc633055ce9c7e6d8cdc04 model_digest=2ee8dccfe2d07d01cfbfdf054b495664b35abbf7d8c52025b1e51883264370f0 generation_seconds=101.19085502624512
[ Info: after scaling, normInf G: 0.7071067811865475
[ Info: iter:0 rel_p_res(inf):5.000e-01 rel_d_res(inf):6.667e-01 primal_obj:0.000e+00 dual_obj:0.000e+00 rel_pd_gap:0.000e+00 time:0.00 restart_used:0
[ Info: ==================================================
[ Info: Start unified diagonal GPU loop for the ablation-compatible production path.
[ Info: iter:0 rel_p_res(inf):5.000e-01 rel_d_res(inf):6.667e-01 primal_obj:0.000e+00 dual_obj:0.000e+00 rel_pd_gap:0.000e+00 time:3.64 restart_used:0
[ Info: after scaling, normInf G: 0.7071067811865475
[ Info: iter:0 rel_p_res(inf):5.000e-01 rel_d_res(inf):6.667e-01 primal_obj:0.000e+00 dual_obj:0.000e+00 rel_pd_gap:0.000e+00 time:0.00 restart_used:0
[ Info: ==================================================
[ Info: Start unified diagonal GPU loop for the ablation-compatible production path.
[ Info: iter:0 rel_p_res(inf):5.000e-01 rel_d_res(inf):6.667e-01 primal_obj:0.000e+00 dual_obj:0.000e+00 rel_pd_gap:0.000e+00 time:3.88 restart_used:0
[ Info: iter:1000 rel_p_res(inf):1.351e-04 rel_d_res(inf):9.117e-02 primal_obj:5.51924e+00 dual_obj:8.77866e+00 rel_pd_gap:3.333e-01 time:88.59 restart_used:0, restart_trigger_mean:0, restart_trigger_ergodic:0, diff_nrm_x_recovered:4.378e+00 diff_nrm_y_recovered:3.776e+02 nrm2_x_recovered:4.378e+00 nrm2_y_recovered:3.776e+02, nrmInf_x_recovered:2.471e+00 nrmInf_y_recovered:6.098e+00 dual_gap_ergodic:1.000e+30, dual_gap_mean:1.000e+30, dual_gap_restart_threshold:Inf, dual_gap_r:0.000e+00, kkt_error_ergodic:1.000e+30, kkt_error_mean:1.000e+30, kkt_error_restart_threshold:0.000e+00, tau:1.359e-02, sigma:8.334e+01
[ Info: iter:1000 rel_p_res(inf):2.307e-04 rel_d_res(inf):1.025e-01 primal_obj:5.43657e+00 dual_obj:9.09968e+00 rel_pd_gap:3.627e-01 time:90.69 restart_used:0, restart_trigger_mean:0, restart_trigger_ergodic:0, diff_nrm_x_recovered:4.486e+00 diff_nrm_y_recovered:3.952e+02 nrm2_x_recovered:4.486e+00 nrm2_y_recovered:3.952e+02, nrmInf_x_recovered:2.552e+00 nrmInf_y_recovered:6.310e+00 dual_gap_ergodic:1.000e+30, dual_gap_mean:1.000e+30, dual_gap_restart_threshold:Inf, dual_gap_r:0.000e+00, kkt_error_ergodic:1.000e+30, kkt_error_mean:1.000e+30, kkt_error_restart_threshold:0.000e+00, tau:1.071e-02, sigma:7.236e+01
[ Info: iter:2000 rel_p_res(inf):8.696e-05 rel_d_res(inf):4.817e-02 primal_obj:6.04092e+00 dual_obj:7.77792e+00 rel_pd_gap:1.979e-01 time:172.57 restart_used:0, restart_trigger_mean:0, restart_trigger_ergodic:0, diff_nrm_x_recovered:4.999e-01 diff_nrm_y_recovered:9.329e+00 nrm2_x_recovered:4.823e+00 nrm2_y_recovered:3.749e+02, nrmInf_x_recovered:2.799e+00 nrmInf_y_recovered:6.165e+00 dual_gap_ergodic:1.000e+30, dual_gap_mean:1.000e+30, dual_gap_restart_threshold:Inf, dual_gap_r:0.000e+00, kkt_error_ergodic:1.000e+30, kkt_error_mean:1.000e+30, kkt_error_restart_threshold:0.000e+00, tau:1.506e-02, sigma:9.234e+01
[ Info: restart due to condition 1
[ Info: omega:78.30595255956129, x_diff_norm:6.262965983984885, y_diff_norm:401.5250004023645
[ Info: iter:2000 rel_p_res(inf):9.509e-05 rel_d_res(inf):5.353e-02 primal_obj:5.91299e+00 dual_obj:7.93880e+00 rel_pd_gap:2.266e-01 time:176.80 restart_used:0, restart_trigger_mean:0, restart_trigger_ergodic:0, diff_nrm_x_recovered:5.058e-01 diff_nrm_y_recovered:1.075e+01 nrm2_x_recovered:4.937e+00 nrm2_y_recovered:3.925e+02, nrmInf_x_recovered:2.881e+00 nrmInf_y_recovered:6.357e+00 dual_gap_ergodic:1.000e+30, dual_gap_mean:1.000e+30, dual_gap_restart_threshold:Inf, dual_gap_r:0.000e+00, kkt_error_ergodic:1.000e+30, kkt_error_mean:1.000e+30, kkt_error_restart_threshold:0.000e+00, tau:1.182e-02, sigma:7.984e+01
[ Info: restart due to condition 1
[ Info: omega:82.18455887924867, x_diff_norm:6.39796738732233, y_diff_norm:419.198340803042
[ Info: iter:3000 rel_p_res(inf):1.338e-05 rel_d_res(inf):2.117e-02 primal_obj:6.69292e+00 dual_obj:7.16225e+00 rel_pd_gap:5.750e-02 time:258.18 restart_used:1, restart_trigger_mean:1, restart_trigger_ergodic:0, diff_nrm_x_recovered:2.551e-01 diff_nrm_y_recovered:4.509e+00 nrm2_x_recovered:5.057e+00 nrm2_y_recovered:3.736e+02, nrmInf_x_recovered:2.969e+00 nrmInf_y_recovered:6.344e+00 dual_gap_ergodic:5.505e-03, dual_gap_mean:2.555e-03, dual_gap_restart_threshold:3.053e-03, dual_gap_r:3.628e+03, kkt_error_ergodic:1.000e+30, kkt_error_mean:1.000e+30, kkt_error_restart_threshold:0.000e+00, tau:1.555e-02, sigma:7.807e+01
[ Info: iter:3000 rel_p_res(inf):1.092e-05 rel_d_res(inf):7.202e-03 primal_obj:6.68624e+00 dual_obj:6.83148e+00 rel_pd_gap:1.855e-02 time:263.51 restart_used:1, restart_trigger_mean:0, restart_trigger_ergodic:1, diff_nrm_x_recovered:3.975e-01 diff_nrm_y_recovered:1.047e+01 nrm2_x_recovered:5.293e+00 nrm2_y_recovered:3.897e+02, nrmInf_x_recovered:3.141e+00 nrmInf_y_recovered:6.427e+00 dual_gap_ergodic:5.760e-04, dual_gap_mean:3.281e-03, dual_gap_restart_threshold:5.760e-04, dual_gap_r:5.650e+03, kkt_error_ergodic:1.000e+30, kkt_error_mean:1.000e+30, kkt_error_restart_threshold:0.000e+00, tau:1.796e-02, sigma:9.670e+01
[ Info: iter:4000 rel_p_res(inf):6.779e-06 rel_d_res(inf):1.055e-02 primal_obj:6.66422e+00 dual_obj:6.90124e+00 rel_pd_gap:3.000e-02 time:342.02 restart_used:1, restart_trigger_mean:1, restart_trigger_ergodic:0, diff_nrm_x_recovered:1.203e-01 diff_nrm_y_recovered:3.534e+00 nrm2_x_recovered:5.158e+00 nrm2_y_recovered:3.728e+02, nrmInf_x_recovered:3.043e+00 nrmInf_y_recovered:6.291e+00 dual_gap_ergodic:5.505e-03, dual_gap_mean:2.555e-03, dual_gap_restart_threshold:3.053e-03, dual_gap_r:3.628e+03, kkt_error_ergodic:1.000e+30, kkt_error_mean:1.000e+30, kkt_error_restart_threshold:0.000e+00, tau:1.782e-02, sigma:8.945e+01
[ Info: restart due to condition 1
[ Info: omega:70.85388328842211, x_diff_norm:1.592268819626968, y_diff_norm:28.390402417310526
[ Info: iter:4000 rel_p_res(inf):3.930e-06 rel_d_res(inf):3.611e-03 primal_obj:6.67038e+00 dual_obj:6.74412e+00 rel_pd_gap:9.521e-03 time:347.98 restart_used:1, restart_trigger_mean:0, restart_trigger_ergodic:1, diff_nrm_x_recovered:3.181e-02 diff_nrm_y_recovered:1.325e+00 nrm2_x_recovered:5.316e+00 nrm2_y_recovered:3.894e+02, nrmInf_x_recovered:3.158e+00 nrmInf_y_recovered:6.389e+00 dual_gap_ergodic:5.760e-04, dual_gap_mean:3.281e-03, dual_gap_restart_threshold:5.760e-04, dual_gap_r:5.650e+03, kkt_error_ergodic:1.000e+30, kkt_error_mean:1.000e+30, kkt_error_restart_threshold:0.000e+00, tau:1.330e-02, sigma:7.164e+01
[ Info: iter:5000 rel_p_res(inf):4.333e-06 rel_d_res(inf):7.300e-04 primal_obj:6.65608e+00 dual_obj:6.65773e+00 rel_pd_gap:2.148e-04 time:427.20 restart_used:2, restart_trigger_mean:1, restart_trigger_ergodic:1, diff_nrm_x_recovered:1.055e-01 diff_nrm_y_recovered:3.244e+00 nrm2_x_recovered:5.247e+00 nrm2_y_recovered:3.720e+02, nrmInf_x_recovered:3.108e+00 nrmInf_y_recovered:6.230e+00 dual_gap_ergodic:9.748e-04, dual_gap_mean:2.311e-03, dual_gap_restart_threshold:9.748e-04, dual_gap_r:1.527e+02, kkt_error_ergodic:1.000e+30, kkt_error_mean:1.000e+30, kkt_error_restart_threshold:0.000e+00, tau:2.863e-02, sigma:3.617e+01
[ Info: iter:5000 rel_p_res(inf):2.603e-06 rel_d_res(inf):2.419e-03 primal_obj:6.66533e+00 dual_obj:6.71489e+00 rel_pd_gap:6.424e-03 time:433.80 restart_used:1, restart_trigger_mean:0, restart_trigger_ergodic:1, diff_nrm_x_recovered:1.008e-02 diff_nrm_y_recovered:4.430e-01 nrm2_x_recovered:5.324e+00 nrm2_y_recovered:3.893e+02, nrmInf_x_recovered:3.163e+00 nrmInf_y_recovered:6.375e+00 dual_gap_ergodic:5.816e-04, dual_gap_mean:1.464e-03, dual_gap_restart_threshold:5.760e-04, dual_gap_r:5.650e+03, kkt_error_ergodic:1.000e+30, kkt_error_mean:1.000e+30, kkt_error_restart_threshold:0.000e+00, tau:1.521e-02, sigma:8.190e+01
[ Info: iter:6000 rel_p_res(inf):2.161e-06 rel_d_res(inf):3.652e-04 primal_obj:6.64824e+00 dual_obj:6.64911e+00 rel_pd_gap:1.136e-04 time:511.16 restart_used:2, restart_trigger_mean:1, restart_trigger_ergodic:1, diff_nrm_x_recovered:3.397e-03 diff_nrm_y_recovered:1.972e-01 nrm2_x_recovered:5.246e+00 nrm2_y_recovered:3.719e+02, nrmInf_x_recovered:3.107e+00 nrmInf_y_recovered:6.221e+00 dual_gap_ergodic:9.748e-04, dual_gap_mean:2.311e-03, dual_gap_restart_threshold:9.748e-04, dual_gap_r:1.527e+02, kkt_error_ergodic:1.000e+30, kkt_error_mean:1.000e+30, kkt_error_restart_threshold:0.000e+00, tau:2.897e-02, sigma:3.660e+01
[ Info: restart due to condition 2
[ Info: omega:35.54343589717436, x_diff_norm:0.14652694867288418, y_diff_norm:5.389858228561759
[ Info: iter:6000 rel_p_res(inf):1.959e-06 rel_d_res(inf):1.812e-03 primal_obj:6.66290e+00 dual_obj:6.70004e+00 rel_pd_gap:4.823e-03 time:518.26 restart_used:1, restart_trigger_mean:0, restart_trigger_ergodic:1, diff_nrm_x_recovered:5.031e-03 diff_nrm_y_recovered:2.257e-01 nrm2_x_recovered:5.327e+00 nrm2_y_recovered:3.892e+02, nrmInf_x_recovered:3.166e+00 nrmInf_y_recovered:6.368e+00 dual_gap_ergodic:5.816e-04, dual_gap_mean:1.464e-03, dual_gap_restart_threshold:5.760e-04, dual_gap_r:5.650e+03, kkt_error_ergodic:1.000e+30, kkt_error_mean:1.000e+30, kkt_error_restart_threshold:0.000e+00, tau:1.510e-02, sigma:8.133e+01
[ Info: restart due to condition 2
[ Info: omega:73.38104307396578, x_diff_norm:0.5776727978035991, y_diff_norm:19.38663188245434
[ Info: iter:7000 rel_p_res(inf):2.191e-07 rel_d_res(inf):8.228e-06 primal_obj:6.64118e+00 dual_obj:6.64026e+00 rel_pd_gap:1.212e-04 time:596.91 restart_used:3, restart_trigger_mean:1, restart_trigger_ergodic:2, diff_nrm_x_recovered:3.117e-03 diff_nrm_y_recovered:1.918e-01 nrm2_x_recovered:5.245e+00 nrm2_y_recovered:3.719e+02, nrmInf_x_recovered:3.106e+00 nrmInf_y_recovered:6.212e+00 dual_gap_ergodic:5.419e-04, dual_gap_mean:1.822e-03, dual_gap_restart_threshold:5.419e-04, dual_gap_r:1.546e+00, kkt_error_ergodic:1.000e+30, kkt_error_mean:1.000e+30, kkt_error_restart_threshold:0.000e+00, tau:3.044e-02, sigma:3.980e+01
[ Info: iter:7000 rel_p_res(inf):6.300e-07 rel_d_res(inf):1.141e-04 primal_obj:6.65776e+00 dual_obj:6.65838e+00 rel_pd_gap:8.149e-05 time:605.05 restart_used:2, restart_trigger_mean:0, restart_trigger_ergodic:2, diff_nrm_x_recovered:1.406e-02 diff_nrm_y_recovered:6.221e-01 nrm2_x_recovered:5.338e+00 nrm2_y_recovered:3.891e+02, nrmInf_x_recovered:3.173e+00 nrmInf_y_recovered:6.349e+00 dual_gap_ergodic:3.452e-04, dual_gap_mean:1.300e-03, dual_gap_restart_threshold:3.452e-04, dual_gap_r:2.688e+01, kkt_error_ergodic:1.000e+30, kkt_error_mean:1.000e+30, kkt_error_restart_threshold:0.000e+00, tau:2.394e-02, sigma:5.895e+01
[ Info: ===============================================
[ Info: ---------------------------------------------------
[ Info: ------------- Solver Info Summary -----------------
[ Info: ---------------------------------------------------
[ Info: iter_num:                     7000
[ Info: exit_status:                  time_limit
[ Info: l_2_abs_primal_res:           4.1933e-04
[ Info: l_2_rel_primal_res:           1.6205e-07
[ Info: l_inf_abs_primal_res:         2.4892e-06
[ Info: l_inf_rel_primal_res:         6.3000e-07
[ Info: l_2_abs_dual_res:             5.3647e-03
[ Info: l_2_rel_dual_res:             3.8501e-09
[ Info: l_inf_abs_dual_res:           3.4244e-04
[ Info: l_inf_rel_dual_res:           1.1414e-04
[ Info: rel_gap:                      8.1487e-05
[ Info: abs_gap:                      6.2406e-04
[ Info: primal_obj:                   6.6578e+00
[ Info: dual_obj:                     6.6584e+00
[ Info: time:                         605.0485
[ Info: ---------------------------------------------------
[ Info:  norm(sol.x.recovered_primal.primal_sol.x, Inf): 3.173431168866193
[ Info:  norm(sol.y.recovered_dual.dual_sol.y, Inf): 6.349187215116515
[ Info: time for projection: 2.155291795730591
[ Info: time for iterative: 582.8360781669617
[ Info: time for restart check: 2.217542886734009
[ Info: time for exit check: 0.0
[ Info: time for print info calculation: 1.520002841949463
[ Info: iter:8000 rel_p_res(inf):1.044e-07 rel_d_res(inf):4.029e-06 primal_obj:6.64082e+00 dual_obj:6.64036e+00 rel_pd_gap:6.035e-05 time:680.42 restart_used:3, restart_trigger_mean:1, restart_trigger_ergodic:2, diff_nrm_x_recovered:2.395e-04 diff_nrm_y_recovered:5.114e-03 nrm2_x_recovered:5.245e+00 nrm2_y_recovered:3.719e+02, nrmInf_x_recovered:3.106e+00 nrmInf_y_recovered:6.212e+00 dual_gap_ergodic:5.419e-04, dual_gap_mean:1.822e-03, dual_gap_restart_threshold:5.419e-04, dual_gap_r:1.546e+00, kkt_error_ergodic:1.000e+30, kkt_error_mean:1.000e+30, kkt_error_restart_threshold:0.000e+00, tau:2.690e-02, sigma:3.518e+01
[ Info: ===============================================
[ Info: ---------------------------------------------------
[ Info: ------------- Solver Info Summary -----------------
[ Info: ---------------------------------------------------
[ Info: iter_num:                     8000
[ Info: exit_status:                  time_limit
[ Info: l_2_abs_primal_res:           5.2587e-05
[ Info: l_2_rel_primal_res:           2.0403e-08
[ Info: l_inf_abs_primal_res:         4.0744e-07
[ Info: l_inf_rel_primal_res:         1.0438e-07
[ Info: l_2_abs_dual_res:             1.6606e-04
[ Info: l_2_rel_dual_res:             1.2510e-10
[ Info: l_inf_abs_dual_res:           1.2086e-05
[ Info: l_inf_rel_dual_res:           4.0285e-06
[ Info: rel_gap:                      6.0350e-05
[ Info: abs_gap:                      4.6112e-04
[ Info: primal_obj:                   6.6408e+00
[ Info: dual_obj:                     6.6404e+00
[ Info: time:                         680.4160
[ Info: ---------------------------------------------------
[ Info:  norm(sol.x.recovered_primal.primal_sol.x, Inf): 3.10615625973249
[ Info:  norm(sol.y.recovered_dual.dual_sol.y, Inf): 6.212234713705493
[ Info: time for projection: 1.2628333568572998
[ Info: time for iterative: 660.3448016643524
[ Info: time for restart check: 2.8105599880218506
[ Info: time for exit check: 0.0
[ Info: time for print info calculation: 0.8981032371520996
rescaling_method is not set, using default value: :ruiz_pock_chambolle. Note that if :use_scaling is false, this option is ignored.
kkt_restart_freq is not set, using default value: 500.
duality_gap_restart_freq is not set, using default value: 2000.
[ Info: logfile is set to nothing
[ Info: ---------------------------------------------------
[ Info: ------------- Parameter Info Summary --------------
[ Info: ---------------------------------------------------
[ Info: time limit: 600.0
[ Info: use_preconditioner: true
[ Info: use_adaptive_restart: true
[ Info: use_adaptive_step_size_weight: true
[ Info: use_aggressive: true
[ Info: use_restart: true
[ Info: use_adaptive_step: true
[ Info: use_reflection: true
[ Info: use_halpern: true
[ Info: use_resolving: true
[ Info: use_duality_gap_restart: true
[ Info: duality_gap_restart_freq: 2000
[ Info: use_kkt_restart: false
[ Info: kkt_restart_freq: 2000
[ Info: abs_tol: 1.0e-6
[ Info: rel_tol: 1.0e-6
[ Info: eps_primal_infeasible_low_acc: 1.0e-12
[ Info: eps_dual_infeasible_low_acc: 1.0e-12
[ Info: eps_primal_infeasible_high_acc: 1.0e-16
[ Info: eps_dual_infeasible_high_acc: 1.0e-16
[ Info: print_freq: 1000
[ Info: check_terminate_freq: 1000
[ Info: ---------------------------------------------------
[ Info: ------------- Model Info Summary -----------------
[ Info: ---------------------------------------------------
[ Info: variable number: 14700004
[ Info: constraint number: 15400005
[ Info: non-zero elements in G: 995332275
[ Info: Number of box constraints: 14700004
[ Info: Number of equal constraints: 700003
[ Info: Number of nonnegative constraints: 14000000
[ Info: Number of soc cone constraints: 1
[ Info: Number of rsoc cone constraints: 0
[ Info: Number of exp cone constraints: 0
[ Info: Number of dual exp cone constraints: 0
[ Info: Number of soc cone variables: 0
[ Info: Number of rsoc cone variables: 0
[ Info: Number of exp cone variables: 0
[ Info: Number of dual exp cone variables: 0
[ Info: ---------------------------------------------------
[ Info: Using preconditioner
[ Info: Warm start not enabled. Ignoring warm start values.
[ Info: Initializing primal and dual variables to zero.
TABLE5_SOLVE_RESULT solver=cupdcs instance=table5-m400000-n7000000-r05 termination=TIME_LIMIT primal_status=INFEASIBILITY_CERTIFICATE iterations=7000 objective=6.657757575632744 optimize_wall_seconds=1841.0026910305023
TABLE5_SOLVE_FINISH solver=cupdcs instance=table5-m400000-n7000000-r05 status=completed result=/home/zhenwei/PDCS_fork/benchmark/large_scale_lasso/table5_solver_results/cupdcs/table5-m400000-n7000000-r05/attempt_20260729T195705Z_gpu2/result.toml
RESOURCE_SNAPSHOT label=solve_cupdcs_table5-m400000-n7000000-r05 utc=2026-07-29T21:24:55Z
               total        used        free      shared  buff/cache   available
Mem:           2.0Ti       763Gi       175Gi       111Mi       1.1Ti       1.2Ti
Swap:             0B          0B          0B
Filesystem                    Size  Used Avail Use% Mounted on
/dev/mapper/ubuntu--vg-lv--0  778G  726G   13G  99% /home
SOLVE_CASE_COMPLETE solver=cupdcs id=table5-m400000-n7000000-r05 utc=2026-07-29T21:24:55Z
SOLVE_SKIP_DONE solver=scs_gpu id=table5-m400000-n7000000-r05
SOLVE_SKIP_DONE solver=cuclarabel id=table5-m400000-n7000000-r05
SOLVE_SKIP_DONE solver=cupdcs id=table5-m750000-n7500000-r01
SOLVE_SKIP_DONE solver=scs_gpu id=table5-m750000-n7500000-r01
SOLVE_SKIP_DONE solver=cuclarabel id=table5-m750000-n7500000-r01
TABLE5_SOLVE_PHASE_COMPLETE cases=4 storage=no_cbf utc=2026-07-29T21:24:55Z
/home/zhenwei/PDCS_fork/benchmark/large_scale_lasso/run_table5_lasso.sh: line 743: unexpected EOF while looking for matching `"'
/home/zhenwei/PDCS_fork/benchmark/large_scale_lasso/run_table5_lasso.sh: line 744: syntax error: unexpected end of file
TABLE5_SOLVE_RESULT solver=cupdcs instance=table5-m400000-n7000000-r04 termination=TIME_LIMIT primal_status=INFEASIBILITY_CERTIFICATE iterations=8000 objective=6.640821884088992 optimize_wall_seconds=1874.4557201862335
TABLE5_SOLVE_FINISH solver=cupdcs instance=table5-m400000-n7000000-r04 status=completed result=/home/zhenwei/PDCS_fork/benchmark/large_scale_lasso/table5_solver_results/cupdcs/table5-m400000-n7000000-r04/attempt_20260729T195705Z_gpu1/result.toml
RESOURCE_SNAPSHOT label=solve_cupdcs_table5-m400000-n7000000-r04 utc=2026-07-29T21:25:59Z
               total        used        free      shared  buff/cache   available
Mem:           2.0Ti       706Gi       232Gi        91Mi       1.1Ti       1.3Ti
Swap:             0B          0B          0B
Filesystem                    Size  Used Avail Use% Mounted on
/dev/mapper/ubuntu--vg-lv--0  778G  726G   13G  99% /home
SOLVE_CASE_COMPLETE solver=cupdcs id=table5-m400000-n7000000-r04 utc=2026-07-29T21:25:59Z
SOLVE_SKIP_DONE solver=scs_gpu id=table5-m400000-n7000000-r04
SOLVE_SKIP_DONE solver=cuclarabel id=table5-m400000-n7000000-r04
SOLVE_SKIP_DONE solver=cupdcs id=table5-m700000-n7000000-r05
SOLVE_SKIP_DONE solver=scs_gpu id=table5-m700000-n7000000-r05
SOLVE_SKIP_DONE solver=cuclarabel id=table5-m700000-n7000000-r05
TABLE5_SOLVE_PHASE_COMPLETE cases=4 storage=no_cbf utc=2026-07-29T21:25:59Z
/home/zhenwei/PDCS_fork/benchmark/large_scale_lasso/run_table5_lasso.sh: line 743: unexpected EOF while looking for matching `"'
/home/zhenwei/PDCS_fork/benchmark/large_scale_lasso/run_table5_lasso.sh: line 744: syntax error: unexpected end of file
TABLE5_WORKER_FAILED worker=0 gpu=1 exit_code=2
TABLE5_WORKER_FAILED worker=1 gpu=2 exit_code=2
[ Info: initial nrm1G: 5.0538069585863304e8, initial nrmInfG: 1.0
[ Info: initial nrm1c: 1.7263714408085484e6
[ Info: initial nrm1h: 2275.2600527718705
[ Info: initial nrmInfc: 2.0
[ Info: max Dr_product:8.001075929393485
[ Info: norm Dr_product:22480.673820968048
[ Info: max Dl_product:29.042952639522166
[ Info: norm Dl_product:22480.673843186796
[ Info: after scaling, norm1 c: 289722.1845055987
[ Info: after scaling, normInf c: 1.9996615778638578
[ Info: after scaling, norm1 G: 5.939155152674824e6
[ Info: after scaling, normInf G: 0.7071067811865475
[ Info: iter:0 rel_p_res(inf):5.000e-01 rel_d_res(inf):6.667e-01 primal_obj:0.000e+00 dual_obj:0.000e+00 rel_pd_gap:0.000e+00 time:0.00 restart_used:0
[ Info: ==================================================
[ Info: Start unified diagonal GPU loop for the ablation-compatible production path.
[ Info: iter:0 rel_p_res(inf):5.000e-01 rel_d_res(inf):6.667e-01 primal_obj:0.000e+00 dual_obj:0.000e+00 rel_pd_gap:0.000e+00 time:3.39 restart_used:0
[ Info: iter:1000 rel_p_res(inf):1.317e-04 rel_d_res(inf):1.317e-01 primal_obj:1.02593e+01 dual_obj:1.65034e+01 rel_pd_gap:3.567e-01 time:217.84 restart_used:0, restart_trigger_mean:0, restart_trigger_ergodic:0, diff_nrm_x_recovered:6.468e+00 diff_nrm_y_recovered:4.983e+02 nrm2_x_recovered:6.468e+00 nrm2_y_recovered:4.983e+02, nrmInf_x_recovered:3.990e+00 nrmInf_y_recovered:1.105e+01 dual_gap_ergodic:1.000e+30, dual_gap_mean:1.000e+30, dual_gap_restart_threshold:Inf, dual_gap_r:0.000e+00, kkt_error_ergodic:1.000e+30, kkt_error_mean:1.000e+30, kkt_error_restart_threshold:0.000e+00, tau:1.517e-02, sigma:8.993e+01
[ Info: iter:2000 rel_p_res(inf):4.880e-05 rel_d_res(inf):7.372e-02 primal_obj:1.04814e+01 dual_obj:1.43394e+01 rel_pd_gap:2.515e-01 time:364.12 restart_used:0, restart_trigger_mean:0, restart_trigger_ergodic:0, diff_nrm_x_recovered:1.084e+00 diff_nrm_y_recovered:1.796e+01 nrm2_x_recovered:7.484e+00 nrm2_y_recovered:4.928e+02, nrmInf_x_recovered:4.720e+00 nrmInf_y_recovered:1.128e+01 dual_gap_ergodic:1.000e+30, dual_gap_mean:1.000e+30, dual_gap_restart_threshold:Inf, dual_gap_r:0.000e+00, kkt_error_ergodic:1.000e+30, kkt_error_mean:1.000e+30, kkt_error_restart_threshold:0.000e+00, tau:1.343e-02, sigma:7.963e+01
[ Info: restart due to condition 1
[ Info: omega:77.00330174938058, x_diff_norm:9.509093651632458, y_diff_norm:532.1902841920472
[ Info: iter:3000 rel_p_res(inf):2.118e-05 rel_d_res(inf):1.660e-02 primal_obj:1.16394e+01 dual_obj:1.21968e+01 rel_pd_gap:4.224e-02 time:512.30 restart_used:1, restart_trigger_mean:0, restart_trigger_ergodic:1, diff_nrm_x_recovered:9.107e-01 diff_nrm_y_recovered:1.753e+01 nrm2_x_recovered:8.344e+00 nrm2_y_recovered:4.876e+02, nrmInf_x_recovered:5.336e+00 nrmInf_y_recovered:1.124e+01 dual_gap_ergodic:5.947e-04, dual_gap_mean:3.089e-03, dual_gap_restart_threshold:5.947e-04, dual_gap_r:1.026e+04, kkt_error_ergodic:1.000e+30, kkt_error_mean:1.000e+30, kkt_error_restart_threshold:0.000e+00, tau:1.412e-02, sigma:6.087e+01
[ Info: iter:4000 rel_p_res(inf):4.284e-06 rel_d_res(inf):8.290e-03 primal_obj:1.15914e+01 dual_obj:1.18728e+01 rel_pd_gap:2.186e-02 time:657.26 restart_used:1, restart_trigger_mean:0, restart_trigger_ergodic:1, diff_nrm_x_recovered:1.157e-01 diff_nrm_y_recovered:3.778e+00 nrm2_x_recovered:8.444e+00 nrm2_y_recovered:4.866e+02, nrmInf_x_recovered:5.408e+00 nrmInf_y_recovered:1.110e+01 dual_gap_ergodic:5.947e-04, dual_gap_mean:3.089e-03, dual_gap_restart_threshold:5.947e-04, dual_gap_r:1.026e+04, kkt_error_ergodic:1.000e+30, kkt_error_mean:1.000e+30, kkt_error_restart_threshold:0.000e+00, tau:1.450e-02, sigma:6.248e+01
[ Info: ===============================================
[ Info: ---------------------------------------------------
[ Info: ------------- Solver Info Summary -----------------
[ Info: ---------------------------------------------------
[ Info: iter_num:                     4000
[ Info: exit_status:                  time_limit
[ Info: l_2_abs_primal_res:           4.3712e-03
[ Info: l_2_rel_primal_res:           9.7356e-07
[ Info: l_inf_abs_primal_res:         2.3695e-05
[ Info: l_inf_rel_primal_res:         4.2842e-06
[ Info: l_2_abs_dual_res:             7.0783e-02
[ Info: l_2_rel_dual_res:             4.1001e-08
[ Info: l_inf_abs_dual_res:           2.5015e-02
[ Info: l_inf_rel_dual_res:           8.2897e-03
[ Info: rel_gap:                      2.1859e-02
[ Info: abs_gap:                      2.8139e-01
[ Info: primal_obj:                   1.1591e+01
[ Info: dual_obj:                     1.1873e+01
[ Info: time:                         657.2622
[ Info: ---------------------------------------------------
[ Info:  norm(sol.x.recovered_primal.primal_sol.x, Inf): 5.407612595539579
[ Info:  norm(sol.y.recovered_dual.dual_sol.y, Inf): 11.102043511229413
[ Info: time for projection: 1.3288848400115967
[ Info: time for iterative: 640.778737783432
[ Info: time for restart check: 2.1542489528656006
[ Info: time for exit check: 0.0
[ Info: time for print info calculation: 1.5214440822601318
TABLE5_SOLVE_RESULT solver=cupdcs instance=table5-m700000-n7000000-r01 termination=TIME_LIMIT primal_status=INFEASIBILITY_CERTIFICATE iterations=4000 objective=11.591417707240664 optimize_wall_seconds=2541.2193489074707
TABLE5_SOLVE_FINISH solver=cupdcs instance=table5-m700000-n7000000-r01 status=completed result=/home/zhenwei/PDCS_fork/benchmark/large_scale_lasso/table5_solver_results/cupdcs/table5-m700000-n7000000-r01/attempt_20260729T195705Z_gpu3/result.toml
RESOURCE_SNAPSHOT label=solve_cupdcs_table5-m700000-n7000000-r01 utc=2026-07-29T21:45:40Z
               total        used        free      shared  buff/cache   available
Mem:           2.0Ti       716Gi       239Gi        74Mi       1.0Ti       1.3Ti
Swap:             0B          0B          0B
Filesystem                    Size  Used Avail Use% Mounted on
/dev/mapper/ubuntu--vg-lv--0  778G  726G   13G  99% /home
SOLVE_CASE_COMPLETE solver=cupdcs id=table5-m700000-n7000000-r01 utc=2026-07-29T21:45:41Z
SOLVE_SKIP_DONE solver=scs_gpu id=table5-m700000-n7000000-r01
SOLVE_SKIP_DONE solver=cuclarabel id=table5-m700000-n7000000-r01
SOLVE_SKIP_DONE solver=cupdcs id=table5-m750000-n7500000-r02
SOLVE_SKIP_DONE solver=scs_gpu id=table5-m750000-n7500000-r02
SOLVE_SKIP_DONE solver=cuclarabel id=table5-m750000-n7500000-r02
TABLE5_SOLVE_PHASE_COMPLETE cases=4 storage=no_cbf utc=2026-07-29T21:45:41Z
/home/zhenwei/PDCS_fork/benchmark/large_scale_lasso/run_table5_lasso.sh: line 743: unexpected EOF while looking for matching `"'
/home/zhenwei/PDCS_fork/benchmark/large_scale_lasso/run_table5_lasso.sh: line 744: syntax error: unexpected end of file
TABLE5_WORKER_FAILED worker=2 gpu=3 exit_code=2
rescaling_method is not set, using default value: :ruiz_pock_chambolle. Note that if :use_scaling is false, this option is ignored.
kkt_restart_freq is not set, using default value: 500.
duality_gap_restart_freq is not set, using default value: 2000.
[ Info: logfile is set to nothing
[ Info: ---------------------------------------------------
[ Info: ------------- Parameter Info Summary --------------
[ Info: ---------------------------------------------------
[ Info: time limit: 600.0
[ Info: use_preconditioner: true
[ Info: use_adaptive_restart: true
[ Info: use_adaptive_step_size_weight: true
[ Info: use_aggressive: true
[ Info: use_restart: true
[ Info: use_adaptive_step: true
[ Info: use_reflection: true
[ Info: use_halpern: true
[ Info: use_resolving: true
[ Info: use_duality_gap_restart: true
[ Info: duality_gap_restart_freq: 2000
[ Info: use_kkt_restart: false
[ Info: kkt_restart_freq: 2000
[ Info: abs_tol: 1.0e-6
[ Info: rel_tol: 1.0e-6
[ Info: eps_primal_infeasible_low_acc: 1.0e-12
[ Info: eps_dual_infeasible_low_acc: 1.0e-12
[ Info: eps_primal_infeasible_high_acc: 1.0e-16
[ Info: eps_dual_infeasible_high_acc: 1.0e-16
[ Info: print_freq: 1000
[ Info: check_terminate_freq: 1000
[ Info: ---------------------------------------------------
[ Info: ------------- Model Info Summary -----------------
[ Info: ---------------------------------------------------
[ Info: variable number: 14700004
[ Info: constraint number: 15400005
[ Info: non-zero elements in G: 995451755
[ Info: Number of box constraints: 14700004
[ Info: Number of equal constraints: 700003
[ Info: Number of nonnegative constraints: 14000000
[ Info: Number of soc cone constraints: 1
[ Info: Number of rsoc cone constraints: 0
[ Info: Number of exp cone constraints: 0
[ Info: Number of dual exp cone constraints: 0
[ Info: Number of soc cone variables: 0
[ Info: Number of rsoc cone variables: 0
[ Info: Number of exp cone variables: 0
[ Info: Number of dual exp cone variables: 0
[ Info: ---------------------------------------------------
[ Info: Using preconditioner
[ Info: Warm start not enabled. Ignoring warm start values.
[ Info: Initializing primal and dual variables to zero.
------------------------------------------------------------------
	       SCS v3.2.11 - Splitting Conic Solver
	(c) Brendan O'Donoghue, Stanford University, 2012
------------------------------------------------------------------
problem:  variables n: 14400004, constraints m: 14800005
cones: 	  z: primal zero / dual free vars: 400003
	  l: linear vars: 14000000
	  q: soc vars: 400002, qsize: 1
settings: eps_abs: 1.0e-06, eps_rel: 1.0e-06, eps_infeas: 1.0e-07
	  alpha: 1.50, scale: 1.00e-01, adaptive_scale: 1
	  max_iters: 100000, normalize: 1, rho_x: 1.00e-06
	  acceleration_lookback: 10, acceleration_interval: 10
	  time_limit_secs: 6.00e+02
	  compiled with openmp parallelization enabled
lin-sys:  sparse-indirect GPU
	  nnz(A): 574745953, nnz(P): 0

[2284189] signal 15: Terminated
in expression starting at /home/zhenwei/PDCS_fork/benchmark/large_scale_lasso/solve_table5_instance.jl:597
unknown function (ip: 0x7fce3cee20d5) at /lib/x86_64-linux-gnu/libc.so.6
pthread_cond_wait at /lib/x86_64-linux-gnu/libc.so.6 (unknown line)
uv_cond_wait at /workspace/srcdir/libuv/src/unix/thread.c:822
ijl_task_get_next at /cache/build/builder-amdci5-3/julialang/julia-release-1-dot-12/src/scheduler.c:523
poptask at ./task.jl:1216
wait at ./task.jl:1228
#wait#398 at ./condition.jl:141
_trywait at ./asyncevent.jl:163
profile_printing_listener at ./Base.jl:332
#start_profile_listener##0 at ./Base.jl:352
jfptr_YY.start_profile_listenerYY.YY.0_6779.1 at /snap/julia/165/lib/julia/sys.so (unknown line)
jl_apply at /cache/build/builder-amdci5-3/julialang/julia-release-1-dot-12/src/julia.h:2391 [inlined]
start_task at /cache/build/builder-amdci5-3/julialang/julia-release-1-dot-12/src/task.c:1252
unknown function (ip: (nil)) at (unknown file)
unknown function (ip: 0x7fcdab8560e2) at /tmp/pdcs_scs_gpu_depot/artifacts/2c8e4324b86fc70a7c041ce8dc72b5f9b41a7a98/lib/libcuda.so
unknown function (ip: 0x7fcdab87e43b) at /tmp/pdcs_scs_gpu_depot/artifacts/2c8e4324b86fc70a7c041ce8dc72b5f9b41a7a98/lib/libcuda.so
unknown function (ip: 0x7fcdac9194a1) at /tmp/pdcs_scs_gpu_depot/artifacts/2c8e4324b86fc70a7c041ce8dc72b5f9b41a7a98/lib/libcuda.so
unknown function (ip: 0x7fcdac919924) at /tmp/pdcs_scs_gpu_depot/artifacts/2c8e4324b86fc70a7c041ce8dc72b5f9b41a7a98/lib/libcuda.so
unknown function (ip: 0x7fcdab86c08c) at /tmp/pdcs_scs_gpu_depot/artifacts/2c8e4324b86fc70a7c041ce8dc72b5f9b41a7a98/lib/libcuda.so
unknown function (ip: 0x7fcdab87b178) at /tmp/pdcs_scs_gpu_depot/artifacts/2c8e4324b86fc70a7c041ce8dc72b5f9b41a7a98/lib/libcuda.so
unknown function (ip: 0x7fcdab7e847f) at /tmp/pdcs_scs_gpu_depot/artifacts/2c8e4324b86fc70a7c041ce8dc72b5f9b41a7a98/lib/libcuda.so
unknown function (ip: 0x7fcdab95ca26) at /tmp/pdcs_scs_gpu_depot/artifacts/2c8e4324b86fc70a7c041ce8dc72b5f9b41a7a98/lib/libcuda.so
cuMemFree_v2 at /tmp/pdcs_scs_gpu_depot/artifacts/2c8e4324b86fc70a7c041ce8dc72b5f9b41a7a98/lib/libcuda.so (unknown line)
unknown function (ip: 0x7fcda60237ef) at /tmp/pdcs_scs_gpu_depot/artifacts/e6f45b98217f006aaf22c4a93902176ecbfa35d3/lib/libcublas.so
unknown function (ip: 0x7fcda6064b3f) at /tmp/pdcs_scs_gpu_depot/artifacts/e6f45b98217f006aaf22c4a93902176ecbfa35d3/lib/libcublas.so
unknown function (ip: 0x7fcda5d993ab) at /tmp/pdcs_scs_gpu_depot/artifacts/e6f45b98217f006aaf22c4a93902176ecbfa35d3/lib/libcublas.so
cublasDtbmv_v2 at /tmp/pdcs_scs_gpu_depot/artifacts/e6f45b98217f006aaf22c4a93902176ecbfa35d3/lib/libcublas.so (unknown line)
scale_by_diag at /workspace/srcdir/scs/linsys/gpu/indirect/private.c:128 [inlined]
pcg at /workspace/srcdir/scs/linsys/gpu/indirect/private.c:429 [inlined]
scs_solve_lin_sys at /workspace/srcdir/scs/linsys/gpu/indirect/private.c:495
update_work_cache at /workspace/srcdir/scs/src/scs.c:924 [inlined]
update_work at /workspace/srcdir/scs/src/scs.c:956 [inlined]
scs_solve at /workspace/srcdir/scs/src/scs.c:1063
scs_solve at /tmp/pdcs_scs_gpu_depot/packages/SCS/tfOOE/ext/SCSSCS_GPU_jllExt.jl:57 [inlined]
_unsafe_scs_solve at /tmp/pdcs_scs_gpu_depot/packages/SCS/tfOOE/src/c_wrapper.jl:433
#scs_solve#4 at /tmp/pdcs_scs_gpu_depot/packages/SCS/tfOOE/src/c_wrapper.jl:386
scs_solve at /tmp/pdcs_scs_gpu_depot/packages/SCS/tfOOE/src/c_wrapper.jl:302
unknown function (ip: 0x7fce1b796851) at (unknown file)
optimize! at /tmp/pdcs_scs_gpu_depot/packages/SCS/tfOOE/src/MOI_wrapper/MOI_wrapper.jl:427
optimize! at /tmp/pdcs_scs_gpu_depot/packages/MathOptInterface/CnW3S/src/Utilities/cachingoptimizer.jl:370
unknown function (ip: 0x7fce1b78c5a2) at (unknown file)
optimize! at /tmp/pdcs_scs_gpu_depot/packages/MathOptInterface/CnW3S/src/Bridges/bridge_optimizer.jl:367 [inlined]
optimize! at /tmp/pdcs_scs_gpu_depot/packages/MathOptInterface/CnW3S/src/MathOptInterface.jl:122 [inlined]
optimize! at /tmp/pdcs_scs_gpu_depot/packages/MathOptInterface/CnW3S/src/Utilities/cachingoptimizer.jl:370
unknown function (ip: 0x7fce1b777352) at (unknown file)
#optimize!#96 at /tmp/pdcs_scs_gpu_depot/packages/JuMP/R9AEA/src/optimizer_interface.jl:633
optimize! at /tmp/pdcs_scs_gpu_depot/packages/JuMP/R9AEA/src/optimizer_interface.jl:569 [inlined]
main at /home/zhenwei/PDCS_fork/benchmark/large_scale_lasso/solve_table5_instance.jl:546
unknown function (ip: 0x7fce1b71dbef) at (unknown file)
jl_apply at /cache/build/builder-amdci5-3/julialang/julia-release-1-dot-12/src/julia.h:2391 [inlined]
do_call at /cache/build/builder-amdci5-3/julialang/julia-release-1-dot-12/src/interpreter.c:123
eval_value at /cache/build/builder-amdci5-3/julialang/julia-release-1-dot-12/src/interpreter.c:243
eval_stmt_value at /cache/build/builder-amdci5-3/julialang/julia-release-1-dot-12/src/interpreter.c:194 [inlined]
eval_body at /cache/build/builder-amdci5-3/julialang/julia-release-1-dot-12/src/interpreter.c:707
jl_interpret_toplevel_thunk at /cache/build/builder-amdci5-3/julialang/julia-release-1-dot-12/src/interpreter.c:898
jl_toplevel_eval_flex at /cache/build/builder-amdci5-3/julialang/julia-release-1-dot-12/src/toplevel.c:1035
jl_toplevel_eval_flex at /cache/build/builder-amdci5-3/julialang/julia-release-1-dot-12/src/toplevel.c:975
ijl_toplevel_eval at /cache/build/builder-amdci5-3/julialang/julia-release-1-dot-12/src/toplevel.c:1047
ijl_toplevel_eval_in at /cache/build/builder-amdci5-3/julialang/julia-release-1-dot-12/src/toplevel.c:1092
eval at ./boot.jl:489
include_string at ./loading.jl:2870
_include at ./loading.jl:2930
include at ./Base.jl:306
exec_options at ./client.jl:317
_start at ./client.jl:550
jfptr__start_74358.1 at /snap/julia/165/lib/julia/sys.so (unknown line)
jl_apply at /cache/build/builder-amdci5-3/julialang/julia-release-1-dot-12/src/julia.h:2391 [inlined]
true_main at /cache/build/builder-amdci5-3/julialang/julia-release-1-dot-12/src/jlapi.c:971
jl_repl_entrypoint at /cache/build/builder-amdci5-3/julialang/julia-release-1-dot-12/src/jlapi.c:1139
main at /cache/build/builder-amdci5-3/julialang/julia-release-1-dot-12/cli/loader_exe.c:58
unknown function (ip: 0x7fce3ce7ad8f) at /lib/x86_64-linux-gnu/libc.so.6
__libc_start_main at /lib/x86_64-linux-gnu/libc.so.6 (unknown line)
unknown function (ip: 0x4010b8) at /workspace/srcdir/glibc-2.17/csu/../sysdeps/x86_64/start.S
unknown function (ip: (nil)) at (unknown file)
Allocations: 770537615 (Pool: 770537252; Big: 363); GC: 139
[ Info: initial nrm1G: 5.0543545577936417e8, initial nrmInfG: 1.0
[ Info: initial nrm1c: 1.6783579783521267e6
[ Info: initial nrm1h: 2277.7647148349092
[ Info: initial nrmInfc: 2.0
Terminated
RESOURCE_SNAPSHOT label=solve_scs_gpu_table5-m400000-n7000000-r01 utc=2026-07-29T21:50:56Z
               total        used        free      shared  buff/cache   available
Mem:           2.0Ti       770Gi       185Gi        87Mi       1.0Ti       1.2Ti
Swap:             0B          0B          0B
Filesystem                    Size  Used Avail Use% Mounted on
/dev/mapper/ubuntu--vg-lv--0  778G  726G   13G  99% /home
SOLVE_CASE_FAILED solver=scs_gpu id=table5-m400000-n7000000-r01 exit_code=143 log=/home/zhenwei/PDCS_fork/benchmark/large_scale_lasso/table5_solver_results/scs_gpu/table5-m400000-n7000000-r01/attempt_20260729T195705Z_gpu4/solver.raw.log
/home/zhenwei/PDCS_fork/benchmark/large_scale_lasso/run_table5_lasso.sh: line 743: unexpected EOF while looking for matching `"'
/home/zhenwei/PDCS_fork/benchmark/large_scale_lasso/run_table5_lasso.sh: line 744: syntax error: unexpected end of file
TABLE5_WORKER_FAILED worker=3 gpu=4 exit_code=2
TABLE5_WORKER_FAILED worker=4 gpu=5 exit_code=3
[ Info: max Dr_product:8.14192227031762
[ Info: norm Dr_product:22481.89172123843
[ Info: max Dl_product:29.1036080371424
[ Info: norm Dl_product:22481.891743455973
[ Info: after scaling, norm1 c: 281650.3419462832
[ Info: after scaling, normInf c: 1.9996615778638578
[ Info: after scaling, norm1 G: 5.939036300176135e6
[ Info: after scaling, normInf G: 0.7071067811865475
[ Info: iter:0 rel_p_res(inf):5.000e-01 rel_d_res(inf):6.667e-01 primal_obj:0.000e+00 dual_obj:0.000e+00 rel_pd_gap:0.000e+00 time:0.00 restart_used:0
[ Info: ==================================================
[ Info: Start unified diagonal GPU loop for the ablation-compatible production path.
[ Info: iter:0 rel_p_res(inf):5.000e-01 rel_d_res(inf):6.667e-01 primal_obj:0.000e+00 dual_obj:0.000e+00 rel_pd_gap:0.000e+00 time:3.49 restart_used:0
[ Info: iter:1000 rel_p_res(inf):1.781e-04 rel_d_res(inf):1.297e-01 primal_obj:8.88429e+00 dual_obj:1.63305e+01 rel_pd_gap:4.297e-01 time:266.69 restart_used:0, restart_trigger_mean:0, restart_trigger_ergodic:0, diff_nrm_x_recovered:6.382e+00 diff_nrm_y_recovered:4.843e+02 nrm2_x_recovered:6.382e+00 nrm2_y_recovered:4.843e+02, nrmInf_x_recovered:3.927e+00 nrmInf_y_recovered:1.065e+01 dual_gap_ergodic:1.000e+30, dual_gap_mean:1.000e+30, dual_gap_restart_threshold:Inf, dual_gap_r:0.000e+00, kkt_error_ergodic:1.000e+30, kkt_error_mean:1.000e+30, kkt_error_restart_threshold:0.000e+00, tau:1.421e-02, sigma:7.962e+01
[ Info: iter:2000 rel_p_res(inf):4.924e-05 rel_d_res(inf):6.980e-02 primal_obj:1.06538e+01 dual_obj:1.41784e+01 rel_pd_gap:2.322e-01 time:412.90 restart_used:0, restart_trigger_mean:0, restart_trigger_ergodic:0, diff_nrm_x_recovered:1.064e+00 diff_nrm_y_recovered:1.672e+01 nrm2_x_recovered:7.380e+00 nrm2_y_recovered:4.798e+02, nrmInf_x_recovered:4.645e+00 nrmInf_y_recovered:1.105e+01 dual_gap_ergodic:1.000e+30, dual_gap_mean:1.000e+30, dual_gap_restart_threshold:Inf, dual_gap_r:0.000e+00, kkt_error_ergodic:1.000e+30, kkt_error_mean:1.000e+30, kkt_error_restart_threshold:0.000e+00, tau:1.420e-02, sigma:7.958e+01
[ Info: restart due to condition 1
[ Info: omega:74.85772031213823, x_diff_norm:9.383329630859453, y_diff_norm:518.9482601294555
[ Info: iter:3000 rel_p_res(inf):8.435e-06 rel_d_res(inf):1.658e-02 primal_obj:1.16496e+01 dual_obj:1.22033e+01 rel_pd_gap:4.194e-02 time:561.15 restart_used:1, restart_trigger_mean:0, restart_trigger_ergodic:1, diff_nrm_x_recovered:9.040e-01 diff_nrm_y_recovered:1.602e+01 nrm2_x_recovered:8.233e+00 nrm2_y_recovered:4.750e+02, nrmInf_x_recovered:5.257e+00 nrmInf_y_recovered:1.107e+01 dual_gap_ergodic:5.814e-04, dual_gap_mean:3.283e-03, dual_gap_restart_threshold:5.814e-04, dual_gap_r:9.558e+03, kkt_error_ergodic:1.000e+30, kkt_error_mean:1.000e+30, kkt_error_restart_threshold:0.000e+00, tau:1.573e-02, sigma:6.511e+01
[ Info: iter:4000 rel_p_res(inf):4.201e-06 rel_d_res(inf):8.317e-03 primal_obj:1.16040e+01 dual_obj:1.18853e+01 rel_pd_gap:2.184e-02 time:706.09 restart_used:1, restart_trigger_mean:0, restart_trigger_ergodic:1, diff_nrm_x_recovered:1.281e-01 diff_nrm_y_recovered:3.607e+00 nrm2_x_recovered:8.347e+00 nrm2_y_recovered:4.740e+02, nrmInf_x_recovered:5.338e+00 nrmInf_y_recovered:1.096e+01 dual_gap_ergodic:5.814e-04, dual_gap_mean:3.283e-03, dual_gap_restart_threshold:5.814e-04, dual_gap_r:9.558e+03, kkt_error_ergodic:1.000e+30, kkt_error_mean:1.000e+30, kkt_error_restart_threshold:0.000e+00, tau:1.573e-02, sigma:6.510e+01
[ Info: ===============================================
[ Info: ---------------------------------------------------
[ Info: ------------- Solver Info Summary -----------------
[ Info: ---------------------------------------------------
[ Info: iter_num:                     4000
[ Info: exit_status:                  time_limit
[ Info: l_2_abs_primal_res:           4.0761e-03
[ Info: l_2_rel_primal_res:           9.1003e-07
[ Info: l_inf_abs_primal_res:         2.3027e-05
[ Info: l_inf_rel_primal_res:         4.2007e-06
[ Info: l_2_abs_dual_res:             6.8328e-02
[ Info: l_2_rel_dual_res:             4.0711e-08
[ Info: l_inf_abs_dual_res:           2.5097e-02
[ Info: l_inf_rel_dual_res:           8.3166e-03
[ Info: rel_gap:                      2.1836e-02
[ Info: abs_gap:                      2.8136e-01
[ Info: primal_obj:                   1.1604e+01
[ Info: dual_obj:                     1.1885e+01
[ Info: time:                         706.0900
[ Info: ---------------------------------------------------
[ Info:  norm(sol.x.recovered_primal.primal_sol.x, Inf): 5.337882870133872
[ Info:  norm(sol.y.recovered_dual.dual_sol.y, Inf): 10.96039960134635
[ Info: time for projection: 1.221418857574463
[ Info: time for iterative: 689.9562242031097
[ Info: time for restart check: 2.1547720432281494
[ Info: time for exit check: 0.0
[ Info: time for print info calculation: 1.4292716979980469
TABLE5_SOLVE_RESULT solver=cupdcs instance=table5-m700000-n7000000-r04 termination=TIME_LIMIT primal_status=INFEASIBILITY_CERTIFICATE iterations=4000 objective=11.603983938095762 optimize_wall_seconds=2474.721986055374
TABLE5_SOLVE_FINISH solver=cupdcs instance=table5-m700000-n7000000-r04 status=completed result=/home/zhenwei/PDCS_fork/benchmark/large_scale_lasso/table5_solver_results/cupdcs/table5-m700000-n7000000-r04/attempt_20260729T195705Z_gpu6/result.toml
RESOURCE_SNAPSHOT label=solve_cupdcs_table5-m700000-n7000000-r04 utc=2026-07-29T22:10:02Z
               total        used        free      shared  buff/cache   available
Mem:           2.0Ti       715Gi       240Gi       111Mi       1.0Ti       1.3Ti
Swap:             0B          0B          0B
Filesystem                    Size  Used Avail Use% Mounted on
/dev/mapper/ubuntu--vg-lv--0  778G  726G   13G  99% /home
SOLVE_CASE_COMPLETE solver=cupdcs id=table5-m700000-n7000000-r04 utc=2026-07-29T22:10:02Z
SOLVE_SKIP_DONE solver=scs_gpu id=table5-m700000-n7000000-r04
SOLVE_SKIP_DONE solver=cuclarabel id=table5-m700000-n7000000-r04
SOLVE_SKIP_DONE solver=cupdcs id=table5-m750000-n7500000-r05
SOLVE_SKIP_DONE solver=scs_gpu id=table5-m750000-n7500000-r05
SOLVE_SKIP_DONE solver=cuclarabel id=table5-m750000-n7500000-r05
TABLE5_SOLVE_PHASE_COMPLETE cases=4 storage=no_cbf utc=2026-07-29T22:10:02Z
/home/zhenwei/PDCS_fork/benchmark/large_scale_lasso/run_table5_lasso.sh: line 743: unexpected EOF while looking for matching `"'
/home/zhenwei/PDCS_fork/benchmark/large_scale_lasso/run_table5_lasso.sh: line 744: syntax error: unexpected end of file
TABLE5_WORKER_FAILED worker=5 gpu=6 exit_code=2
TABLE5_REPORT_WRITTEN markdown=/home/zhenwei/PDCS_fork/benchmark/large_scale_lasso/table5_report.md csv=/home/zhenwei/PDCS_fork/benchmark/large_scale_lasso/table5_report.csv solver_csv=/home/zhenwei/PDCS_fork/benchmark/large_scale_lasso/table5_solver_report.csv completed=0 failed=18 pending=0
TABLE5_PARALLEL_FINISH workers=6 status=2 utc=2026-07-29T22:10:02Z
./benchmark/large_scale_lasso/run_table5_lasso.sh: line 743: unexpected EOF while looking for matching `"'
./benchmark/large_scale_lasso/run_table5_lasso.sh: line 744: syntax error: unexpected end of file
